video_id,title,published_at,views,likes,comments,tags,channel_id,duration_seconds
KhORHy58Q-s,Connecting Git to GitHub,2025-09-30T12:00:40Z,156,19,2,"['Data Analyst', 'Data Analyst job', 'Data Analyst Career', 'Data Analytics', 'Alex The Analyst']",UC7cs8q-gJRlGwj4A8OmCmXg,186
Am3TErrQpNs,Alex The Analyst Q/A Livestream | Come Ask Me Anything,2025-09-25T14:10:51Z,2540,110,3,"['Data Analyst', 'Data Analyst job', 'Data Analyst Career', 'Data Analytics', 'Alex The Analyst', 'livestream']",UC7cs8q-gJRlGwj4A8OmCmXg,4109
_uKv_vxu398,Branching and Merging in Git,2025-09-23T12:01:14Z,1494,47,2,"['Data Analyst', 'Data Analyst job', 'Data Analyst Career', 'Data Analytics', 'Alex The Analyst']",UC7cs8q-gJRlGwj4A8OmCmXg,361
36Uw2DZGIvQ,Communication is very important,2025-09-19T12:25:58Z,3957,149,10,[],UC7cs8q-gJRlGwj4A8OmCmXg,44
--UrhIxxKFU,Alex The Analyst Q/A Livestream | Come Ask Me Anything,2025-09-18T14:14:32Z,2567,130,11,"['Data Analyst', 'Data Analyst job', 'Data Analyst Career', 'Data Analytics', 'Alex The Analyst', 'livestream']",UC7cs8q-gJRlGwj4A8OmCmXg,4027
zouVqtlHRHw,Reverting Back to a Previous Commit in Git,2025-09-16T12:01:54Z,1611,47,2,"['Data Analyst', 'Data Analyst job', 'Data Analyst Career', 'Data Analytics', 'Alex The Analyst']",UC7cs8q-gJRlGwj4A8OmCmXg,431
ggPljOKc_C4,Why you’re not getting Interviews,2025-09-12T11:41:07Z,6148,213,4,[],UC7cs8q-gJRlGwj4A8OmCmXg,51
XBhhfz0CUJY,Alex The Analyst Q/A Livestream | Come Ask Me Anything,2025-09-12T06:55:47Z,2990,114,10,"['Data Analyst', 'Data Analyst job', 'Data Analyst Career', 'Data Analytics', 'Alex The Analyst', 'livestream']",UC7cs8q-gJRlGwj4A8OmCmXg,3941
SwtL-6w-B5c,Basics of Git and using VS Code with Git,2025-09-09T12:00:50Z,3057,117,2,"['Data Analyst', 'Data Analyst job', 'Data Analyst Career', 'Data Analytics', 'Alex The Analyst']",UC7cs8q-gJRlGwj4A8OmCmXg,964
6KGQpUg-y_8,Alex The Analyst Q/A Livestream | Come Ask Me Anything,2025-09-04T14:07:30Z,2839,132,7,"['Data Analyst', 'Data Analyst job', 'Data Analyst Career', 'Data Analytics', 'Alex The Analyst', 'livestream']",UC7cs8q-gJRlGwj4A8OmCmXg,3796
wDRoduig_98,Installing and Setting up Git and GitHub,2025-09-02T12:01:51Z,5806,178,10,"['Data Analyst', 'Data Analyst job', 'Data Analyst Career', 'Data Analytics', 'Alex The Analyst']",UC7cs8q-gJRlGwj4A8OmCmXg,434
Rcpidz-jnZQ,SQL is King,2025-08-27T11:05:28Z,12715,535,19,[],UC7cs8q-gJRlGwj4A8OmCmXg,45
QzvA7r-WndM,What is Git and GitHub?,2025-08-26T12:00:54Z,10874,422,17,"['Data Analyst', 'Data Analyst job', 'Data Analyst Career', 'Data Analytics', 'Alex The Analyst']",UC7cs8q-gJRlGwj4A8OmCmXg,512
yhlqKsYpzgE,Alex The Analyst Q/A Livestream | Come Ask Me Anything,2025-08-21T14:09:29Z,3283,129,11,"['Data Analyst', 'Data Analyst job', 'Data Analyst Career', 'Data Analytics', 'Alex The Analyst', 'livestream']",UC7cs8q-gJRlGwj4A8OmCmXg,3673
kk5zEOQzTmQ,Data Visualization and Presentation in R | R for Data Analytics Series,2025-08-19T12:01:22Z,3411,94,13,"['Data Analyst', 'Data Analyst job', 'Data Analyst Career', 'Data Analytics', 'Alex The Analyst']",UC7cs8q-gJRlGwj4A8OmCmXg,1264
TP2OJuZhbIQ,Things I Learned as a Data Analyst p1,2025-08-15T11:46:04Z,9528,336,14,[],UC7cs8q-gJRlGwj4A8OmCmXg,38
Mi8st3hyMH8,Alex The Analyst Q/A Livestream | Come Ask Me Anything,2025-08-14T14:18:24Z,2998,113,8,"['Data Analyst', 'Data Analyst job', 'Data Analyst Career', 'Data Analytics', 'Alex The Analyst', 'livestream']",UC7cs8q-gJRlGwj4A8OmCmXg,3967
vAKs1-EEJ38,How to Remove Duplicates in an R Dataframe | R for Data Analytics Series,2025-08-12T12:01:49Z,2149,67,3,"['Data Analyst', 'Data Analyst job', 'Data Analyst Career', 'Data Analytics', 'Alex The Analyst']",UC7cs8q-gJRlGwj4A8OmCmXg,488
-Z2KjOUcvTA,Alex The Analyst Q/A Livestream | Come Ask Me Anything,2025-08-07T14:31:54Z,3186,114,19,"['Data Analyst', 'Data Analyst job', 'Data Analyst Career', 'Data Analytics', 'Alex The Analyst', 'livestream']",UC7cs8q-gJRlGwj4A8OmCmXg,3944
v5jasYkmwZI,Standardizing and Parsing Dates in R  using Lubridate | R for Data Analytics Series,2025-08-05T12:01:44Z,1773,44,6,"['Data Analyst', 'Data Analyst job', 'Data Analyst Career', 'Data Analytics', 'Alex The Analyst']",UC7cs8q-gJRlGwj4A8OmCmXg,506
kqhJff8ruKw,Traditional applying to jobs is dead.,2025-08-01T12:53:29Z,17918,722,29,[],UC7cs8q-gJRlGwj4A8OmCmXg,58
QR8kxf925IQ,Alex The Analyst Q/A Livestream | Come Ask Me Anything,2025-07-31T14:45:09Z,3457,151,13,"['Data Analyst', 'Data Analyst job', 'Data Analyst Career', 'Data Analytics', 'Alex The Analyst', 'livestream']",UC7cs8q-gJRlGwj4A8OmCmXg,4211
klKWFqsqFeI,Handling Missing Data in R | R for Data Analytics Series,2025-07-29T12:01:31Z,2087,59,7,"['Data Analyst', 'Data Analyst job', 'Data Analyst Career', 'Data Analytics', 'Alex The Analyst']",UC7cs8q-gJRlGwj4A8OmCmXg,790
XIWe4vCtHcY,Alex The Analyst Q/A Livestream | Come Ask Me Anything,2025-07-24T14:06:55Z,3828,141,6,"['Data Analyst', 'Data Analyst job', 'Data Analyst Career', 'Data Analytics', 'Alex The Analyst', 'livestream']",UC7cs8q-gJRlGwj4A8OmCmXg,3848
PqCp1f0RIaU,Don’t jump into Power BI first,2025-07-23T12:47:30Z,107904,3116,49,[],UC7cs8q-gJRlGwj4A8OmCmXg,48
0B-lz9VQkYs,Grouping and Aggregating Data in R | R for Data Analytics Series,2025-07-22T12:00:02Z,2199,43,5,"['Data Analyst', 'Data Analyst job', 'Data Analyst Career', 'Data Analytics', 'Alex The Analyst']",UC7cs8q-gJRlGwj4A8OmCmXg,497
_YG8b1g-QJA,Getting Buy-in is a very difficult skill to learn,2025-07-18T12:11:49Z,6645,207,5,[],UC7cs8q-gJRlGwj4A8OmCmXg,51
UT_hTGge_wc,Alex The Analyst Q/A Livestream | Come Ask Me Anything,2025-07-17T14:41:40Z,4595,201,14,"['Data Analyst', 'Data Analyst job', 'Data Analyst Career', 'Data Analytics', 'Alex The Analyst', 'livestream']",UC7cs8q-gJRlGwj4A8OmCmXg,4969
A42T_b0gwF4,Filtering and Ordering Data in R | R for Data Analytics Series,2025-07-15T12:00:18Z,2813,69,6,"['Data Analyst', 'Data Analyst job', 'Data Analyst Career', 'Data Analytics', 'Alex The Analyst']",UC7cs8q-gJRlGwj4A8OmCmXg,827
8NfozskpBtY,If I got hired today here’s exactly what I would do!,2025-07-11T11:34:46Z,13567,706,10,[],UC7cs8q-gJRlGwj4A8OmCmXg,73
lpK71OwmG0s,Alex The Analyst Q/A Livestream | Come Ask Me Anything,2025-07-10T14:21:00Z,5424,240,19,"['Data Analyst', 'Data Analyst job', 'Data Analyst Career', 'Data Analytics', 'Alex The Analyst', 'livestream']",UC7cs8q-gJRlGwj4A8OmCmXg,4578
QC1Jased-PA,Reading and Writing Files in R | R for Data Analytics Series,2025-07-08T12:00:56Z,2343,68,6,"['Data Analyst', 'Data Analyst job', 'Data Analyst Career', 'Data Analytics', 'Alex The Analyst']",UC7cs8q-gJRlGwj4A8OmCmXg,620
O5nQKzBb0oc,Operators in R | R for Data Analytics Series,2025-07-01T12:00:58Z,4322,96,8,"['Data Analyst', 'Data Analyst job', 'Data Analyst Career', 'Data Analytics', 'Alex The Analyst']",UC7cs8q-gJRlGwj4A8OmCmXg,708
73S2SJSTgQU,"Basics of R | Environment, Variables, Data Types | R for Data Analytics Series",2025-06-24T12:00:13Z,8914,128,9,"['Data Analyst', 'Data Analyst job', 'Data Analyst Career', 'Data Analytics', 'Alex The Analyst']",UC7cs8q-gJRlGwj4A8OmCmXg,689
TsnGd6p9oTk,Installing R and R Studio | R for Data Analytics Series,2025-06-17T12:00:48Z,11229,228,14,"['Data Analyst', 'Data Analyst job', 'Data Analyst Career', 'Data Analytics', 'Alex The Analyst']",UC7cs8q-gJRlGwj4A8OmCmXg,359
DsI1vG-kXR8,Best Resources to Learn Data Analytics in 2025,2025-06-10T12:00:19Z,24747,1001,45,"['Data Analyst', 'Data Analyst job', 'Data Analyst Career', 'Data Analytics', 'Alex The Analyst']",UC7cs8q-gJRlGwj4A8OmCmXg,407
4lhPHhPkVLM,Best Resources to Learn Data Visualization in 2025,2025-06-03T12:00:19Z,13274,373,30,"['Data Analyst', 'Data Analyst job', 'Data Analyst Career', 'Data Analytics', 'Alex The Analyst']",UC7cs8q-gJRlGwj4A8OmCmXg,268
dkU5n0G7FRQ,Best Resources to Learn Excel in 2025,2025-05-27T12:01:27Z,16148,745,16,"['Data Analyst', 'Data Analyst job', 'Data Analyst Career', 'Data Analytics', 'Alex The Analyst']",UC7cs8q-gJRlGwj4A8OmCmXg,289
kagUDLvrcZ8,Best Resources to Learn Python in 2025,2025-05-20T12:01:32Z,23074,832,49,"['Data Analyst', 'Data Analyst job', 'Data Analyst Career', 'Data Analytics', 'Alex The Analyst']",UC7cs8q-gJRlGwj4A8OmCmXg,309
P5uJYPjUtlc,Best Resources to Learn SQL in 2025,2025-05-13T12:00:49Z,28173,982,35,"['Data Analyst', 'Data Analyst job', 'Data Analyst Career', 'Data Analytics', 'Alex The Analyst']",UC7cs8q-gJRlGwj4A8OmCmXg,371
dStNNjOKML4,How to Practice for General Technical Interviews | Analyst Builder,2025-05-06T12:01:11Z,5057,182,18,"['Data Analyst', 'Data Analyst job', 'Data Analyst Career', 'Data Analytics', 'Alex The Analyst']",UC7cs8q-gJRlGwj4A8OmCmXg,621
OQM9x6E3ojo,How to Lie with Data | Biased Data Collection,2025-04-29T12:00:46Z,3462,105,12,"['Data Analyst', 'Data Analyst job', 'Data Analyst Career', 'Data Analytics', 'Alex The Analyst']",UC7cs8q-gJRlGwj4A8OmCmXg,262
z39SB95JbDo,How to Lie with Data | Correlations,2025-04-22T12:01:50Z,3475,130,16,"['Data Analyst', 'Data Analyst job', 'Data Analyst Career', 'Data Analytics', 'Alex The Analyst']",UC7cs8q-gJRlGwj4A8OmCmXg,213
W5CQb7klLCs,How to Lie with Data | Cherry Picking Data,2025-04-15T12:00:53Z,3883,161,8,"['Data Analyst', 'Data Analyst job', 'Data Analyst Career', 'Data Analytics', 'Alex The Analyst']",UC7cs8q-gJRlGwj4A8OmCmXg,252
xb5-UX-jYw0,How to Lie with Data | Averages,2025-04-08T12:01:32Z,4359,226,15,"['Data Analyst', 'Data Analyst job', 'Data Analyst Career', 'Data Analytics', 'Alex The Analyst']",UC7cs8q-gJRlGwj4A8OmCmXg,407
V3ouFOBQP0k,How to Lie with Data | Percentages and Baseline Numbers,2025-04-01T12:00:46Z,4620,226,11,"['Data Analyst', 'Data Analyst job', 'Data Analyst Career', 'Data Analytics', 'Alex The Analyst']",UC7cs8q-gJRlGwj4A8OmCmXg,318
oi9W142ELN0,1 Million YouTube Play Button Unboxing!,2025-03-25T12:01:10Z,3323,246,80,"['Data Analyst', 'Data Analyst job', 'Data Analyst Career', 'Data Analytics', 'Alex The Analyst']",UC7cs8q-gJRlGwj4A8OmCmXg,460
5n52mlp9Ym0,Maven Analytics + Analyst Builder Lifetime Access (Ends March 31st),2025-03-24T12:00:07Z,9131,258,41,"['Data Analyst', 'Data Analyst job', 'Data Analyst Career', 'Data Analytics', 'Alex The Analyst']",UC7cs8q-gJRlGwj4A8OmCmXg,315
hgp91KvbJV4,How to Lie with Data | Misleading Graphs,2025-03-18T12:01:07Z,5891,291,22,"['Data Analyst', 'Data Analyst job', 'Data Analyst Career', 'Data Analytics', 'Alex The Analyst']",UC7cs8q-gJRlGwj4A8OmCmXg,326
1ql4kNv0_qY,Where to find the Best Healthcare Data,2025-03-11T12:00:02Z,8813,454,24,"['Data Analyst', 'Data Analyst job', 'Data Analyst Career', 'Data Analytics', 'Alex The Analyst']",UC7cs8q-gJRlGwj4A8OmCmXg,471
r5512UY3MTc,1 Million Subscriber Livestream!! Giveaways + Chat,2025-03-05T17:07:10Z,10340,670,68,"['Data Analyst', 'Data Analyst job', 'Data Analyst Career', 'Data Analytics', 'Alex The Analyst', 'livestream']",UC7cs8q-gJRlGwj4A8OmCmXg,6014
XuOcmjIbFGg,"Taking a look at Real Healthcare Data | ICD11, CPT, HCPCS, Claims",2025-03-04T13:00:44Z,10507,473,32,"['Data Analyst', 'Data Analyst job', 'Data Analyst Career', 'Data Analytics', 'Alex The Analyst']",UC7cs8q-gJRlGwj4A8OmCmXg,916
Ka2mDrKEAhg,How to Become a Healthcare Analyst in 2025,2025-02-25T13:00:21Z,34280,1638,167,"['Data Analyst', 'Data Analyst job', 'Data Analyst Career', 'Data Analytics', 'Alex The Analyst']",UC7cs8q-gJRlGwj4A8OmCmXg,1072
k8nBWL6K884,What is Healthcare Analytics?,2025-02-18T13:01:11Z,32874,1502,88,"['Data Analyst', 'Data Analyst job', 'Data Analyst Career', 'Data Analytics', 'Alex The Analyst']",UC7cs8q-gJRlGwj4A8OmCmXg,656
WpX2F2BS3Qc,What is Data Cleaning? | Data Fundamentals for Beginners,2025-02-11T13:00:47Z,36855,1136,28,"['Data Analyst', 'Data Analyst job', 'Data Analyst Career', 'Data Analytics', 'Alex The Analyst']",UC7cs8q-gJRlGwj4A8OmCmXg,424
cd_jj0IRmaA,What is Data Collection? | Data Fundamentals for Beginners,2025-02-04T13:00:52Z,18659,655,16,"['Data Analyst', 'Data Analyst job', 'Data Analyst Career', 'Data Analytics', 'Alex The Analyst']",UC7cs8q-gJRlGwj4A8OmCmXg,283
OcG0B4ny1cE,What are File Types? | Data Fundamentals for Beginners,2025-01-28T13:00:34Z,12336,421,9,"['Data Analyst', 'Data Analyst job', 'Data Analyst Career', 'Data Analytics', 'Alex The Analyst']",UC7cs8q-gJRlGwj4A8OmCmXg,387
hXpt8zj_ajc,What are Data Types? | Data Fundamentals for Beginners,2025-01-21T13:00:55Z,13476,488,18,"['Data Analyst', 'Data Analyst job', 'Data Analyst Career', 'Data Analytics', 'Alex The Analyst']",UC7cs8q-gJRlGwj4A8OmCmXg,294
ItZlTixh6Bs,What are KPIs and Metrics? | Data Fundamental for Beginners,2025-01-14T13:00:34Z,25057,1101,34,"['Data Analyst', 'Data Analyst job', 'Data Analyst Career', 'Data Analytics', 'Alex The Analyst']",UC7cs8q-gJRlGwj4A8OmCmXg,346
PEWMgtu-1e4,What is Data? | Data Fundamentals for Beginners,2025-01-07T13:00:35Z,24618,957,38,"['Data Analyst', 'Data Analyst job', 'Data Analyst Career', 'Data Analytics', 'Alex The Analyst']",UC7cs8q-gJRlGwj4A8OmCmXg,416
hCmEfxy-BXg,Is Big Tech Overrated in 2025? | Alex The Analyst Show Episode 28,2024-12-31T13:01:01Z,8974,306,68,"['Data Analyst', 'Data Analyst job', 'Data Analyst Career', 'Data Analytics', 'Alex The Analyst']",UC7cs8q-gJRlGwj4A8OmCmXg,2092
TtCBz1lutsY,Most Commonly Asked Questions by Aspiring Data Analysts,2024-12-24T13:00:39Z,15688,748,36,"['Data Analyst', 'Data Analyst job', 'Data Analyst Career', 'Data Analytics', 'Alex The Analyst']",UC7cs8q-gJRlGwj4A8OmCmXg,718
Ihmq-qeA5Pc,My Career Progression 7+ Years | Recreational Therapist to Data Analyst | Alex The Analyst Show 27,2024-12-17T13:30:12Z,8839,385,127,"['Data Analyst', 'Data Analyst job', 'Data Analyst Career', 'Data Analytics', 'Alex The Analyst']",UC7cs8q-gJRlGwj4A8OmCmXg,2237
wQQR60KtnFY,"Ultimate Data Analyst Bootcamp [24 Hours!] for FREE | SQL, Excel, Tableau, Power BI, Python, Azure",2024-12-10T05:00:49Z,772645,30226,999,"['Data Analyst', 'Data Analyst job', 'Data Analyst Career', 'Data Analytics', 'Alex The Analyst', 'Data analyst bootcamp', 'free data analyst bootcamp', 'data bootcamp', 'sql bootcamp', 'python bootcamp', 'excel bootcamp', 'bootcamp']",UC7cs8q-gJRlGwj4A8OmCmXg,84768
oHte3qFa-oY,"Learn AWS for Analytics in Under 2 Hours | S3, Athena, Glue, Glue DataBrew, Quicksight",2024-12-03T13:00:56Z,29569,794,41,"['Data Analyst', 'Data Analyst job', 'Data Analyst Career', 'Data Analytics', 'Alex The Analyst']",UC7cs8q-gJRlGwj4A8OmCmXg,6097
P7p2OZj9ewU,"Learn Azure for Analytics in Under 90 Minutes | Azure Synapse Analytics, SQL Databases, ADF + More",2024-11-26T13:00:27Z,18243,437,24,"['Data Analyst', 'Data Analyst job', 'Data Analyst Career', 'Data Analytics', 'Alex The Analyst']",UC7cs8q-gJRlGwj4A8OmCmXg,4637
I0vQ_VLZTWg,"Learn Power BI in Under 3 Hours | Formatting, Visualizations, Dashboards + Full Project",2024-11-19T13:00:31Z,464001,7634,245,"['Data Analyst', 'Data Analyst job', 'Data Analyst Career', 'Data Analytics', 'Alex The Analyst']",UC7cs8q-gJRlGwj4A8OmCmXg,7518
tnz72ywhCoo,Coding with R and AI Now on Analyst Builder!,2024-11-12T13:01:10Z,6288,185,16,"['Data Analyst', 'Data Analyst job', 'Data Analyst Career', 'Data Analytics', 'Alex The Analyst']",UC7cs8q-gJRlGwj4A8OmCmXg,501
j8FSP8XuFyk,"Learn Tableau in Under 2 hours | Dashboards, Relationships, Visualizations + Mini Project",2024-11-05T13:01:16Z,198671,3452,104,"['Data Analyst', 'Data Analyst job', 'Data Analyst Career', 'Data Analytics', 'Alex The Analyst']",UC7cs8q-gJRlGwj4A8OmCmXg,5410
zXnQNytHCPM,"Learn Excel in Under 3 Hours | Pivot Tables, Lookups, Data Cleaning",2024-10-29T12:01:19Z,92323,2164,87,"['Data Analyst', 'Data Analyst job', 'Data Analyst Career', 'Data Analytics', 'Alex The Analyst']",UC7cs8q-gJRlGwj4A8OmCmXg,9516
osA1QpBcxRs,Nobody cares... so just do it!,2024-10-24T12:17:57Z,22146,2054,61,[],UC7cs8q-gJRlGwj4A8OmCmXg,36
Mdq1WWSdUtw,"Learn Pandas in Under 3 Hours | Filtering, Joins, Indexing, Data Cleaning, Visualizations",2024-10-22T12:00:28Z,94720,2180,59,"['Data Analyst', 'Data Analyst job', 'Data Analyst Career', 'Data Analytics', 'Alex The Analyst']",UC7cs8q-gJRlGwj4A8OmCmXg,9607
CZt2BUpgjgw,Free Data Analyst Bootcamp 2024,2024-10-17T11:52:50Z,16179,1183,43,[],UC7cs8q-gJRlGwj4A8OmCmXg,31
t1fQBD4B7xk,"Learn Python in Under 3 Hours | Variables, For Loops, Web Scraping + Full Project",2024-10-15T12:01:10Z,55337,1442,51,"['Data Analyst', 'Data Analyst job', 'Data Analyst Career', 'Data Analytics', 'Alex The Analyst']",UC7cs8q-gJRlGwj4A8OmCmXg,9121
OT1RErkfLNQ,Learn SQL Beginner to Advanced in Under 4 Hours,2024-10-08T12:00:27Z,983877,19904,752,"['Data Analyst', 'Data Analyst job', 'Data Analyst Career', 'Data Analytics', 'Alex The Analyst']",UC7cs8q-gJRlGwj4A8OmCmXg,14698
rxyLC247h6E,AWS Quicksight | AWS Essentials,2024-10-01T12:00:58Z,28372,400,13,"['Data Analyst', 'Data Analyst job', 'Data Analyst Career', 'Data Analytics', 'Alex The Analyst']",UC7cs8q-gJRlGwj4A8OmCmXg,730
AycpRKyRagE,AWS Glue DataBrew and Glue | AWS Essentials,2024-09-24T12:00:16Z,11419,186,12,"['Data Analyst', 'Data Analyst job', 'Data Analyst Career', 'Data Analytics', 'Alex The Analyst', 'aws glue', 'aws glue databrew', 'glue', 'glue aws', 'glue tutorial']",UC7cs8q-gJRlGwj4A8OmCmXg,2732
K2GfrERtliU,Amazon Athena in AWS | AWS Fundamentals,2024-09-17T12:00:24Z,17909,311,11,"['Data Analyst', 'Data Analyst job', 'Data Analyst Career', 'Data Analytics', 'Alex The Analyst', 'aws athena', 'athena', 'athena tutorial']",UC7cs8q-gJRlGwj4A8OmCmXg,1473
xmVyaT-RuVo,Alex Freberg and Ben Rogojan Livestream | Everything Data Analytics and Data Engineering,2024-09-11T03:20:13Z,6037,198,8,[],UC7cs8q-gJRlGwj4A8OmCmXg,4516
amb9bciHGSI,Landing a Data Job Course on Analyst Builder,2024-09-03T12:00:05Z,24056,827,96,"['Data Analyst', 'Data Analyst job', 'Data Analyst Career', 'Data Analytics', 'Alex The Analyst']",UC7cs8q-gJRlGwj4A8OmCmXg,500
hgaVi4sOHkM,S3 Storage in AWS | AWS Essentials,2024-08-27T12:00:47Z,13281,235,14,"['Data Analyst', 'Data Analyst job', 'Data Analyst Career', 'Data Analytics', 'Alex The Analyst', 's3', 's3 buckets', 's3 tutorial', 'tutorial for s3', 's3 bucket tutorial']",UC7cs8q-gJRlGwj4A8OmCmXg,878
YSjbGET6R1A,AWS Setup and UI Walkthough | AWS,2024-08-20T12:00:41Z,15530,324,14,"['Data Analyst', 'Data Analyst job', 'Data Analyst Career', 'Data Analytics', 'Alex The Analyst', 'aws setup', 'aws account', 'how to setup aws', 'aws ui', 'aws ui walkthrough']",UC7cs8q-gJRlGwj4A8OmCmXg,441
vDVcXXfc9e8,Getting Started in Azure Synapse Analytics | Azure Fundamentals,2024-08-13T12:01:05Z,33411,454,15,"['Data Analyst', 'Data Analyst job', 'Data Analyst Career', 'Data Analytics', 'Alex The Analyst', 'azure', 'azure synapse', 'azure synapse analytics', 'synapse analytics tutorials', 'azure synapse tutorial']",UC7cs8q-gJRlGwj4A8OmCmXg,1177
Vg6ys_JvXzg,August Q/A Livestream! Come Ask Me Anything!,2024-08-09T15:17:26Z,5348,223,18,"['Data Analyst', 'Data Analyst job', 'Data Analyst Career', 'Data Analytics', 'Alex The Analyst', 'livestream']",UC7cs8q-gJRlGwj4A8OmCmXg,5904
sge9qTf8GdY,Getting Started in Azure Data Factory | Azure Fundamentals,2024-08-06T12:00:57Z,43816,672,36,"['Data Analyst', 'Data Analyst job', 'Data Analyst Career', 'Data Analytics', 'Alex The Analyst', 'azure', 'azure data factory', 'azure data factory tutorial']",UC7cs8q-gJRlGwj4A8OmCmXg,1471
9ur0OpMADuM,How to use Azure SQL Databases | Azure Fundamentals,2024-07-30T12:00:10Z,48736,826,30,"['Data Analyst', 'Data Analyst job', 'Data Analyst Career', 'Data Analytics', 'Alex The Analyst', 'azure', 'azure sql databases', 'sql databases in azure']",UC7cs8q-gJRlGwj4A8OmCmXg,826
UTMuL_86gSQ,Complete Data Analyst Roadmap on Analyst Builder | Become a Data Analyst Faster!,2024-07-25T12:00:34Z,59453,1661,165,"['Data Analyst', 'Data Analyst job', 'Data Analyst Career', 'Data Analytics', 'Alex The Analyst']",UC7cs8q-gJRlGwj4A8OmCmXg,367
sEImMaovc1Q,Blob Storage and Storage Accounts in Azure | Azure Fundamentals,2024-07-23T12:01:00Z,16938,311,11,"['Data Analyst', 'Data Analyst job', 'Data Analyst Career', 'Data Analytics', 'Alex The Analyst', 'azure storage accounts', 'azure storage', 'azure', 'azure storing data']",UC7cs8q-gJRlGwj4A8OmCmXg,941
ZYps6TmBkWk,Azure Account Setup + $200 Free Credits | Azure Fundamentals,2024-07-16T12:00:38Z,28251,554,31,"['Data Analyst', 'Data Analyst job', 'Data Analyst Career', 'Data Analytics', 'Alex The Analyst', 'azure', 'azure setup', 'azure ui', 'azure walkthrough']",UC7cs8q-gJRlGwj4A8OmCmXg,397
zv1nfZTYpio,Building a Fully Interactive Web App using Shiny for Python,2024-07-09T12:01:07Z,16384,392,24,"['Data Analyst', 'Data Analyst job', 'Data Analyst Career', 'Data Analytics', 'Alex The Analyst', 'shiny project', 'shiny full project', 'shiny tutorial']",UC7cs8q-gJRlGwj4A8OmCmXg,3592
rn0dSsYXhIE,Shiny for Python Components and Layouts | Customizing You Web App,2024-07-02T12:01:00Z,6355,175,13,"['Data Analyst', 'Data Analyst job', 'Data Analyst Career', 'Data Analytics', 'Alex The Analyst', 'shiny', 'shiny components', 'shiny layouts', 'shiny tutorials']",UC7cs8q-gJRlGwj4A8OmCmXg,1448
siHou7lObbo,Shiny for Python Setup and Install | Deploying First Shiny App,2024-06-25T12:00:53Z,15102,359,40,"['Data Analyst', 'Data Analyst job', 'Data Analyst Career', 'Data Analytics', 'Alex The Analyst', 'shiny', 'shiny for python', 'python shiny', 'shiny for python setup', 'shiny setup']",UC7cs8q-gJRlGwj4A8OmCmXg,864
wJiJXD7MVoY,Is the Economy on the Brink of a Recession? | Let's Look at the Data!,2024-06-18T12:00:06Z,13798,813,134,"['Data Analyst', 'Data Analyst job', 'Data Analyst Career', 'Data Analytics', 'Alex The Analyst', 'economy', 'economic data', 'how is the economy doing', 'economy data', 'data about economy', 'will economy get better', 'will economy get worse']",UC7cs8q-gJRlGwj4A8OmCmXg,1279
BzwAZ1k3WEY,Top 5 Most Common Excel Functions in Excel,2024-06-11T12:00:10Z,9430,391,9,"['Data Analyst', 'Data Analyst job', 'Data Analyst Career', 'Data Analytics', 'Alex The Analyst']",UC7cs8q-gJRlGwj4A8OmCmXg,1007
5q2u8__sVhs,5 Awesome Excel Functions You've Probably Never Heard Of,2024-06-04T12:00:09Z,6698,240,17,"['Data Analyst', 'Data Analyst job', 'Data Analyst Career', 'Data Analytics', 'Alex The Analyst']",UC7cs8q-gJRlGwj4A8OmCmXg,844
UJbNEH0_nGY,How to Create Custom Functions in Excel | Lambda Functions,2024-05-28T12:00:23Z,8054,243,11,"['Data Analyst', 'Data Analyst job', 'Data Analyst Career', 'Data Analytics', 'Alex The Analyst']",UC7cs8q-gJRlGwj4A8OmCmXg,994
oz2K4HUNMW4,Top 5 Most Popular Functions In Microsoft Excel,2024-05-21T12:00:53Z,16859,459,28,"['Data Analyst', 'Data Analyst job', 'Data Analyst Career', 'Data Analytics', 'Alex The Analyst', 'Excel', 'Microsoft Excel', 'Functions in excel']",UC7cs8q-gJRlGwj4A8OmCmXg,992
Y-4ri9QjsTI,Infrastructure of Analyst Builder | Entire Tech Stack | Part 3,2024-05-14T12:00:28Z,6206,92,10,"['Data Analyst', 'Data Analyst job', 'Data Analyst Career', 'Data Analytics', 'Alex The Analyst']",UC7cs8q-gJRlGwj4A8OmCmXg,2740
F5v2dRYU5IA,2 Hour Data Analyst Interview Masterclass | Interview Better Than The Competition,2024-05-07T15:16:53Z,118806,3659,87,"['Data Analyst', 'Data Analyst job', 'Data Analyst Career', 'Data Analytics', 'Alex The Analyst', 'livestream']",UC7cs8q-gJRlGwj4A8OmCmXg,7480
_R6K1aNtKpE,Challenges of Creating Analyst Builder | Challenges of a Startup | Part 2,2024-05-07T12:00:30Z,2584,65,11,"['Data Analyst', 'Data Analyst job', 'Data Analyst Career', 'Data Analytics', 'Alex The Analyst']",UC7cs8q-gJRlGwj4A8OmCmXg,2707
5tKmTdvEAVk,How We Started Analyst Builder | How We Created It | Part 1,2024-04-30T12:00:07Z,6844,215,35,"['Data Analyst', 'Data Analyst job', 'Data Analyst Career', 'Data Analytics', 'Alex The Analyst']",UC7cs8q-gJRlGwj4A8OmCmXg,1367
QYd-RtK58VQ,MySQL Exploratory Data Analysis | Full Project,2024-04-23T12:00:21Z,146688,3394,158,"['Data Analyst', 'Data Analyst job', 'Data Analyst Career', 'Data Analytics', 'Alex The Analyst']",UC7cs8q-gJRlGwj4A8OmCmXg,1964
c5ko0sedE7k,750k Subscriber Livestream! | Giveaways | Songs | Q/A,2024-04-18T18:35:41Z,5200,229,13,"['Data Analyst', 'Data Analyst job', 'Data Analyst Career', 'Data Analytics', 'Alex The Analyst', 'livestream']",UC7cs8q-gJRlGwj4A8OmCmXg,4996
4UltKCnnnTA,Data Cleaning in MySQL | Full Project,2024-04-16T12:00:05Z,357993,7607,1056,"['Data Analyst', 'Data Analyst job', 'Data Analyst Career', 'Data Analytics', 'Alex The Analyst']",UC7cs8q-gJRlGwj4A8OmCmXg,3071
BV5ckMNNvi4,How to get Promoted as a Data Analyst | Alex The Analyst Show Episode 26,2024-04-09T12:00:08Z,9156,289,86,"['Data Analyst', 'Data Analyst job', 'Data Analyst Career', 'Data Analytics', 'Alex The Analyst']",UC7cs8q-gJRlGwj4A8OmCmXg,3374
QMUZ5HfWMRc,Triggers and Events in MySQL | Advanced MySQL Series,2024-04-02T12:00:19Z,132362,4163,152,"['Data Analyst', 'Data Analyst job', 'Data Analyst Career', 'Data Analytics', 'Alex The Analyst']",UC7cs8q-gJRlGwj4A8OmCmXg,882
7b8ViCqD9JM,How to give up on the job search fast,2024-03-27T12:19:35Z,30905,2243,35,"['Data Analyst', 'Data Analyst job', 'Data Analyst Career', 'Data Analytics', 'Alex The Analyst']",UC7cs8q-gJRlGwj4A8OmCmXg,52
7vnxpcqmqNQ,Stored Procedures in MySQL | Advanced MySQL Series,2024-03-26T12:00:12Z,139109,2603,90,"['Data Analyst', 'Data Analyst job', 'Data Analyst Career', 'Data Analytics', 'Alex The Analyst']",UC7cs8q-gJRlGwj4A8OmCmXg,757
uEk07jXdKOo,Temp Tables in MySQL | Advanced MySQL Series,2024-03-19T12:00:56Z,92821,1916,73,"['Data Analyst', 'Data Analyst job', 'Data Analyst Career', 'Data Analytics', 'Alex The Analyst']",UC7cs8q-gJRlGwj4A8OmCmXg,466
UC7uvOqcUTs,CTEs in MySQL | Advanced MySQL Series,2024-03-12T12:00:23Z,159064,2564,81,"['Data Analyst', 'Data Analyst job', 'Data Analyst Career', 'Data Analytics', 'Alex The Analyst']",UC7cs8q-gJRlGwj4A8OmCmXg,631
1KEbiqRWOkA,7 Mistakes to Avoid During Your Data Analyst Job Search,2024-03-05T13:00:01Z,20204,754,50,"['Data Analyst', 'Data Analyst job', 'Data Analyst Career', 'Data Analytics', 'Alex The Analyst']",UC7cs8q-gJRlGwj4A8OmCmXg,714
UOBTLzWY1vs,#DataAnalyst #AnalystBuilder #SQL,2024-03-01T13:43:29Z,23338,1572,19,[],UC7cs8q-gJRlGwj4A8OmCmXg,38
8zOkBTs0yxs,Q/A Livestream | February Livestream | Ask Me Anything!,2024-02-29T17:10:18Z,5656,189,7,"['Data Analyst', 'Data Analyst job', 'Data Analyst Career', 'Data Analytics', 'Alex The Analyst', 'livestream']",UC7cs8q-gJRlGwj4A8OmCmXg,5697
7NBt0V8ebGk,Window Functions in MySQL | Intermediate MySQL,2024-02-27T13:00:08Z,186118,4957,130,"['Data Analyst', 'Data Analyst job', 'Data Analyst Career', 'Data Analytics', 'Alex The Analyst']",UC7cs8q-gJRlGwj4A8OmCmXg,809
FGC0cCAgGu0,Twitter making me tear up over here 🥹,2024-02-23T13:34:27Z,8188,316,12,[],UC7cs8q-gJRlGwj4A8OmCmXg,16
Vj6RqA_X-IE,Subqueries in MySQL | Intermediate MySQL,2024-02-20T13:00:32Z,154264,2441,98,"['Data Analyst', 'Data Analyst job', 'Data Analyst Career', 'Data Analytics', 'Alex The Analyst']",UC7cs8q-gJRlGwj4A8OmCmXg,661
RYIiOG4LsvQ,Case Statements in MySQL | Intermediate MySQL,2024-02-13T13:00:19Z,138912,2425,122,"['Data Analyst', 'Data Analyst job', 'Data Analyst Career', 'Data Analytics', 'Alex The Analyst']",UC7cs8q-gJRlGwj4A8OmCmXg,533
5y7tLNPVJPA,We did our best,2024-02-08T13:59:09Z,7723,249,5,[],UC7cs8q-gJRlGwj4A8OmCmXg,9
_nf56aMPdZE,"Microsoft Copilot Full Review | AI in Word, PowerPoint, Excel and More!",2024-02-06T13:00:35Z,87302,1040,51,"['Data Analyst', 'Data Analyst job', 'Data Analyst Career', 'Data Analytics', 'Alex The Analyst']",UC7cs8q-gJRlGwj4A8OmCmXg,1485
XbDRYzYUmMo,Top 5 Emerging Trends in 2024 | CareerFoundry Webinar,2024-01-30T17:30:05Z,13478,475,10,"['Data Analyst', 'Data Analyst job', 'Data Analyst Career', 'Data Analytics', 'Alex The Analyst']",UC7cs8q-gJRlGwj4A8OmCmXg,4496
KRXSJb9ql1Y,String Functions in MySQL | Intermediate MySQL Series,2024-01-30T13:00:17Z,155112,2627,84,"['Data Analyst', 'Data Analyst job', 'Data Analyst Career', 'Data Analytics', 'Alex The Analyst']",UC7cs8q-gJRlGwj4A8OmCmXg,714
iTQW_nDp938,Unions in MySQL | Intermediate MySQL,2024-01-23T13:00:41Z,149227,2622,90,"['Data Analyst', 'Data Analyst job', 'Data Analyst Career', 'Data Analytics', 'Alex The Analyst']",UC7cs8q-gJRlGwj4A8OmCmXg,442
lXQzD09BOH0,Joins in MySQL | Intermediate MySQL,2024-01-16T13:00:42Z,317602,4441,187,"['Data Analyst', 'Data Analyst job', 'Data Analyst Career', 'Data Analytics', 'Alex The Analyst']",UC7cs8q-gJRlGwj4A8OmCmXg,1031
xtC3212t4hI,Is my background in Data Analytics?,2024-01-15T14:22:09Z,32930,2175,33,"['Data Analyst', 'Data Analyst job', 'Data Analyst Career', 'Data Analytics', 'Alex The Analyst']",UC7cs8q-gJRlGwj4A8OmCmXg,57
KZKizyBS9YM,Solving VERY HARD SQL Interview Questions on Analyst Builder,2024-01-11T13:00:16Z,24123,596,23,"['Data Analyst Career', 'Data Analytics', 'Alex The Analyst', 'Analyst Builder', 'Analyst Builder Questions', 'Analyst Builder Courses', 'SQL Technical Interview Questions', 'SQL Interview Questions', 'SQL Questions', 'hard sql interview questions', 'Easy sql interview questions', 'medium sql interview questions', 'interview questions', 'technical interview questions', 'technical interview practice', 'sql technical interview practice website', 'website to practice for technical interviews']",UC7cs8q-gJRlGwj4A8OmCmXg,1023
I0_ca6iyo6w,Solving HARD SQL Interview Questions on Analyst Builder,2024-01-09T13:00:24Z,32022,655,39,"['Data Analyst Career', 'Data Analytics', 'Alex The Analyst', 'Analyst Builder', 'Analyst Builder Questions', 'Analyst Builder Courses', 'SQL Technical Interview Questions', 'SQL Interview Questions', 'SQL Questions', 'hard sql interview questions', 'Easy sql interview questions', 'medium sql interview questions', 'interview questions', 'technical interview questions', 'technical interview practice', 'sql technical interview practice website', 'website to practice for technical interviews']",UC7cs8q-gJRlGwj4A8OmCmXg,1286
GZS7AgQ4Ksg,Hard Skills vs Soft Skills,2024-01-08T13:06:02Z,16029,1045,7,"['Data Analyst', 'Data Analyst job', 'Data Analyst Career', 'Data Analytics', 'Alex The Analyst']",UC7cs8q-gJRlGwj4A8OmCmXg,30
fT-8mRf_-Hk,Solving Medium SQL Interview Questions on Analyst Builder,2024-01-04T13:00:28Z,35257,780,48,"['Data Analyst Career', 'Data Analytics', 'Alex The Analyst', 'Analyst Builder', 'Analyst Builder Questions', 'Analyst Builder Courses', 'SQL Technical Interview Questions', 'SQL Interview Questions', 'SQL Questions', 'hard sql interview questions', 'Easy sql interview questions', 'medium sql interview questions', 'interview questions', 'technical interview questions', 'technical interview practice', 'sql technical interview practice website', 'website to practice for technical interviews']",UC7cs8q-gJRlGwj4A8OmCmXg,744
ZHaYOC0H5KE,Solving Easy SQL Interview Questions on Analyst Builder,2024-01-02T13:00:25Z,65656,1436,58,"['Data Analyst Career', 'Data Analytics', 'Alex The Analyst', 'Analyst Builder', 'Analyst Builder Questions', 'Analyst Builder Courses', 'SQL Technical Interview Questions', 'SQL Interview Questions', 'SQL Questions', 'hard sql interview questions', 'Easy sql interview questions', 'medium sql interview questions', 'interview questions', 'technical interview questions', 'technical interview practice', 'sql technical interview practice website', 'website to practice for technical interviews']",UC7cs8q-gJRlGwj4A8OmCmXg,738
K0-8G3DgjA4,How I Would Become a Data Analyst if I had to Start Over in 2024 | 6 Month Plan,2023-12-26T13:00:10Z,430423,16821,523,"['Data Analyst', 'Data Analyst job', 'Data Analyst Career', 'Data Analytics', 'Alex The Analyst', 'become a data analyst', 'how to become a data analyst', 'what is a data analyst']",UC7cs8q-gJRlGwj4A8OmCmXg,661
ZnAydTqCtFU,Limit + Aliasing in MySQL | MySQL Beginner Series,2023-12-19T13:00:24Z,159760,3029,99,"['Data Analyst', 'Data Analyst job', 'Data Analyst Career', 'Data Analytics', 'Alex The Analyst']",UC7cs8q-gJRlGwj4A8OmCmXg,237
qPOmj22QX04,Practice SQL and Python right on your Phone!,2023-12-13T16:12:42Z,10515,643,20,[],UC7cs8q-gJRlGwj4A8OmCmXg,28
XD1ul5fpnGI,Analyst Builder Full Launch! | The Learning Platform Built for Data Analysts,2023-12-12T13:00:21Z,25504,1029,112,"['Data Analyst', 'Data Analyst job', 'Data Analyst Career', 'Data Analytics', 'Alex The Analyst']",UC7cs8q-gJRlGwj4A8OmCmXg,987
kifhSqep9UM,Analyst Builder Full Launch LiveStream | 20% Off Code & Giveaways,2023-12-11T19:04:05Z,12069,475,14,"['Data Analyst', 'Data Analyst job', 'Data Analyst Career', 'Data Analytics', 'Alex The Analyst']",UC7cs8q-gJRlGwj4A8OmCmXg,16464
dCNjUOc1cBY,Having vs Where in MySQL | Beginner MySQL Series,2023-12-05T13:00:35Z,189900,3307,55,"['Data Analyst', 'Data Analyst job', 'Data Analyst Career', 'Data Analytics', 'Alex The Analyst']",UC7cs8q-gJRlGwj4A8OmCmXg,226
lEjmgE-hogg,#Excel is Frustrating,2023-11-29T18:00:02Z,12793,797,11,"['Data Analyst', 'Data Analyst job', 'Data Analyst Career', 'Data Analytics', 'Alex The Analyst']",UC7cs8q-gJRlGwj4A8OmCmXg,47
qxj3dx0c7RM,7 Mistakes to Avoid in Your Data Analytics Job Search | CareerFoundry Webinar,2023-11-28T17:36:39Z,14292,432,11,"['Data Analyst', 'Data Analyst job', 'Data Analyst Career', 'Data Analytics', 'Alex The Analyst']",UC7cs8q-gJRlGwj4A8OmCmXg,4297
zgYqUP_PhQo,Group By + Order By in MySQL | Beginner MySQL Series,2023-11-28T13:00:57Z,253656,4254,100,"['Data Analyst', 'Data Analyst job', 'Data Analyst Career', 'Data Analytics', 'Alex The Analyst']",UC7cs8q-gJRlGwj4A8OmCmXg,646
MARn_mssG4A,Where Clause in MySQL | Beginner MySQL Series,2023-11-21T13:00:24Z,275882,4271,142,"['Data Analyst', 'Data Analyst job', 'Data Analyst Career', 'Data Analytics', 'Alex The Analyst']",UC7cs8q-gJRlGwj4A8OmCmXg,747
TGAUZQJaQbQ,Why Data Analysts Hate Using Excel,2023-11-14T13:00:21Z,26310,975,139,"['Data Analyst', 'Data Analyst job', 'Data Analyst Career', 'Data Analytics', 'Alex The Analyst']",UC7cs8q-gJRlGwj4A8OmCmXg,444
HYD8KjPB9F8,Select Statement in MySQL | Beginner MySQL Series,2023-11-07T13:00:11Z,430379,5249,198,"['Data Analyst', 'Data Analyst job', 'Data Analyst Career', 'Data Analytics', 'Alex The Analyst']",UC7cs8q-gJRlGwj4A8OmCmXg,660
wgRwITQHszU,Installing MySQL and Creating Databases | MySQL for Beginners,2023-10-31T12:00:54Z,1233839,15637,1707,"['Data Analyst', 'Data Analyst job', 'Data Analyst Career', 'Data Analytics', 'Alex The Analyst']",UC7cs8q-gJRlGwj4A8OmCmXg,724
1LG65qXfeQY,Python Beginner to Advanced in One Hour | CareerFoundry Webinar,2023-10-26T16:30:05Z,26824,989,12,"['Data Analyst', 'Data Analyst job', 'Data Analyst Career', 'Data Analytics', 'Alex The Analyst']",UC7cs8q-gJRlGwj4A8OmCmXg,4709
QzLz-W29Tww,How to Start a Data YouTube Channel,2023-10-24T12:00:30Z,9998,438,48,"['Data Analyst', 'Data Analyst job', 'Data Analyst Career', 'Data Analytics', 'Alex The Analyst']",UC7cs8q-gJRlGwj4A8OmCmXg,657
ukIUVW2E-n0,600k Livestream! | Analyst Builder Giveaways | Songs | My Mom is Joining!,2023-10-20T16:18:10Z,5163,237,11,"['Data Analyst', 'Data Analyst job', 'Data Analyst Career', 'Data Analytics', 'Alex The Analyst', 'livestream']",UC7cs8q-gJRlGwj4A8OmCmXg,5107
aofB2t5o2ao,Consulting and Freelancing in Data Analytics | ATA Show: Episode 25,2023-10-17T12:00:04Z,20867,787,274,"['Data Analyst', 'Data Analyst job', 'Data Analyst Career', 'Data Analytics', 'Alex The Analyst']",UC7cs8q-gJRlGwj4A8OmCmXg,4443
-DwpkgtJjGw,Data Analyst vs Business Analyst,2023-10-13T13:37:21Z,151726,7801,60,"['Data Analyst', 'Data Analyst job', 'Data Analyst Career', 'Data Analytics', 'Alex The Analyst']",UC7cs8q-gJRlGwj4A8OmCmXg,59
h4KTy2wxYcQ,First Look at Analyst Builder! | The All-in-One Platform for Data Analysts | Beta Launch Coming Soon,2023-10-10T12:00:36Z,32342,853,212,"['Data Analyst', 'Data Analyst job', 'Data Analyst Career', 'Data Analytics', 'Alex The Analyst']",UC7cs8q-gJRlGwj4A8OmCmXg,1311
LaRXtE4OG9A,#DataAnalysis #DataAnalyst #DataRealities,2023-10-09T12:11:16Z,33448,1936,25,"['Data Analyst', 'Data Analyst job', 'Data Analyst Career', 'Data Analytics', 'Alex The Analyst']",UC7cs8q-gJRlGwj4A8OmCmXg,40
J0PcCv9f4JQ,#DataAnalyst #DataCareers #DataAnalysis,2023-10-05T12:13:45Z,17888,1318,32,"['Data Analyst', 'Data Analyst job', 'Data Analyst Career', 'Data Analytics', 'Alex The Analyst']",UC7cs8q-gJRlGwj4A8OmCmXg,58
_DGn-7134i0,"Data Analyst vs Data Engineer | Responsibilities, Salaries, Skills, Education",2023-10-03T12:00:26Z,37747,817,44,"['Data Analyst', 'Data Analyst job', 'Data Analyst Career', 'Data Analytics', 'Alex The Analyst']",UC7cs8q-gJRlGwj4A8OmCmXg,386
EflE8U30pBo,Data Analyst Q/A Livestream | September Livestream | Ask Me Anything!,2023-09-28T16:09:03Z,9013,284,21,"['Data Analyst', 'Data Analyst job', 'Data Analyst Career', 'Data Analytics', 'Alex The Analyst', 'livestream']",UC7cs8q-gJRlGwj4A8OmCmXg,5621
j_sHaBJEHMk,#Salary #DataAnalyst #SalaryNegotiation,2023-09-28T12:37:36Z,14744,988,7,"['Data Analyst', 'Data Analyst job', 'Data Analyst Career', 'Data Analytics', 'Alex The Analyst']",UC7cs8q-gJRlGwj4A8OmCmXg,55
xuyKzpJ2SaY,AI and Analytics with SAS | SAS Explore Recap,2023-09-26T12:00:49Z,24912,518,31,"['Data Analyst', 'Data Analyst job', 'Data Analyst Career', 'Data Analytics', 'Alex The Analyst']",UC7cs8q-gJRlGwj4A8OmCmXg,179
D0mEy6bJ2lA,My Very First Video,2023-09-25T13:13:18Z,9703,504,29,"['Data Analyst', 'Data Analyst job', 'Data Analyst Career', 'Data Analytics', 'Alex The Analyst']",UC7cs8q-gJRlGwj4A8OmCmXg,23
GaoAc3-hScQ,#DataAnalyst #CareerPath,2023-09-22T11:45:01Z,80247,4843,34,"['Data Analyst', 'Data Analyst job', 'Data Analyst Career', 'Data Analytics', 'Alex The Analyst']",UC7cs8q-gJRlGwj4A8OmCmXg,52
bxIF9X9k2IE,"Data Analyst vs Data Scientist | Responsibilities, Salaries, Skills, Education",2023-09-19T12:00:34Z,48305,1182,54,"['Data Analyst', 'Data Analyst job', 'Data Analyst Career', 'Data Analytics', 'Alex The Analyst']",UC7cs8q-gJRlGwj4A8OmCmXg,673
z_xWpa88R0A,#Excel #DataAnalyst #DataAnalysis,2023-09-18T11:38:11Z,18256,1325,21,"['Data Analyst', 'Data Analyst job', 'Data Analyst Career', 'Data Analytics', 'Alex The Analyst']",UC7cs8q-gJRlGwj4A8OmCmXg,56
7PoZBuIUnEU,"Data Analyst vs Business Analyst | Responsibilities, Salaries, Skills, Education",2023-09-12T12:00:07Z,47712,1647,101,"['Data Analyst', 'Data Analyst job', 'Data Analyst Career', 'Data Analytics', 'Alex The Analyst']",UC7cs8q-gJRlGwj4A8OmCmXg,294
fq1-e-GbihE,#DataAnalysis #DataAnalyst,2023-09-07T11:57:32Z,21077,1488,23,"['Data Analyst', 'Data Analyst job', 'Data Analyst Career', 'Data Analytics', 'Alex The Analyst']",UC7cs8q-gJRlGwj4A8OmCmXg,53
Xkb6h3YXl_c,Hard Skills vs Soft Skills in the Data World | Which is More Important?,2023-09-05T12:00:34Z,16065,712,30,"['Data Analyst', 'Data Analyst job', 'Data Analyst Career', 'Data Analytics', 'Alex The Analyst']",UC7cs8q-gJRlGwj4A8OmCmXg,582
qDprq7Xbrqw,"Entry Level vs Mid Level vs Senior Level Data Analyst | Responsibilities, Salary, Education, Skills",2023-08-29T04:00:33Z,45864,1965,113,"['Data Analyst', 'Data Analyst job', 'Data Analyst Career', 'Data Analytics', 'Alex The Analyst']",UC7cs8q-gJRlGwj4A8OmCmXg,323
UOHxb9ndpMM,#DataAnalyst #DataAnalysis #Promotion,2023-08-28T11:53:52Z,11103,636,10,"['Data Analyst', 'Data Analyst job', 'Data Analyst Career', 'Data Analytics', 'Alex The Analyst']",UC7cs8q-gJRlGwj4A8OmCmXg,51
_h_A_n8Z9QQ,#DataAnalyst #DataAnalysis,2023-08-24T11:53:05Z,21308,1413,54,"['Data Analyst', 'Data Analyst job', 'Data Analyst Career', 'Data Analytics', 'Alex The Analyst']",UC7cs8q-gJRlGwj4A8OmCmXg,60
_oCUSMX4_3k,Regular Expression Use Cases in Python,2023-08-22T12:00:35Z,11808,274,22,"['Data Analyst', 'Data Analyst job', 'Data Analyst Career', 'Data Analytics', 'Alex The Analyst', 'python', 'python regular expression', 'regular expression', 'regular expression use cases']",UC7cs8q-gJRlGwj4A8OmCmXg,767
OnS01G8W6nw,Data Analyst Q/A Livestream | August Livestream | Ask Me Anything!,2023-08-18T14:23:24Z,8516,319,25,"['Data Analyst', 'Data Analyst job', 'Data Analyst Career', 'Data Analytics', 'Alex The Analyst', 'livestream']",UC7cs8q-gJRlGwj4A8OmCmXg,4365
ugkyfUTc6AU,#DataAnalystSalary #DataAnalysis,2023-08-17T12:35:34Z,53139,3700,52,"['Data Analyst', 'Data Analyst job', 'Data Analyst Career', 'Data Analytics', 'Alex The Analyst']",UC7cs8q-gJRlGwj4A8OmCmXg,54
eON-PNPae8Y,How to Work with Recruiters on LinkedIn,2023-08-15T12:00:34Z,50802,2401,90,"['Data Analyst', 'Data Analyst job', 'Data Analyst Career', 'Data Analytics', 'Alex The Analyst']",UC7cs8q-gJRlGwj4A8OmCmXg,467
41nX2ZgGzcE,#dataanalysis #dataportfolio,2023-08-14T12:12:00Z,39400,3160,27,"['Data Analyst', 'Data Analyst job', 'Data Analyst Career', 'Data Analytics', 'Alex The Analyst']",UC7cs8q-gJRlGwj4A8OmCmXg,60
Le35Qsgs2lM,#wife #careerchange #dataanalysis,2023-08-11T13:13:22Z,21584,1973,51,[],UC7cs8q-gJRlGwj4A8OmCmXg,59
nufF-juSZxU,LINK: https://www.youtube.com/playlist?list=PLUaB-1hjhk8FE_XZ87vPPSfHqb6OcM0cF,2023-08-09T13:11:45Z,8531,753,44,"['Data Analyst', 'Data Analyst job', 'Data Analyst Career', 'Data Analytics', 'Alex The Analyst', 'Data Analyst Bootcamp']",UC7cs8q-gJRlGwj4A8OmCmXg,37
9NB5u17qiDY,Regular Expression Character Classes in Python,2023-08-08T12:00:05Z,14962,249,13,"['Data Analyst', 'Data Analyst job', 'Data Analyst Career', 'Data Analytics', 'Alex The Analyst', 'regular expression character classes', 'regular expression', 'python regular expression']",UC7cs8q-gJRlGwj4A8OmCmXg,638
YDvJqgBv0Uc,#Recruiters #dataanalysis #data,2023-08-03T11:56:30Z,17942,1191,24,[],UC7cs8q-gJRlGwj4A8OmCmXg,58
j6A28L6Tmxw,Regular Expression Metacharacters in Python,2023-08-01T12:00:26Z,13587,330,9,"['Data Analyst', 'Data Analyst job', 'Data Analyst Career', 'Data Analytics', 'Alex The Analyst', 'regular expression', 'python regular expression', 'regular expression metacharacters']",UC7cs8q-gJRlGwj4A8OmCmXg,1203
W_s4c1vLGXM,How much do Data Analysts make? #dataanalyst #dataanalystsalary,2023-07-31T13:07:06Z,22232,843,45,[],UC7cs8q-gJRlGwj4A8OmCmXg,46
DWte9zjGl0I,Do you need to learn SQL if you can do everything in Python?  #Python #dataanalysis #SQL,2023-07-28T12:48:19Z,65826,3516,48,"['Data Analyst', 'Data Analyst job', 'Data Analyst Career', 'Data Analytics', 'Alex The Analyst']",UC7cs8q-gJRlGwj4A8OmCmXg,51
EzeeypMKx7o,Regular Expression Methods in Python,2023-07-25T12:00:19Z,24178,473,14,"['Data Analyst', 'Data Analyst job', 'Data Analyst Career', 'Data Analytics', 'Alex The Analyst', 'Python regular expression', 'regular expression', 'regular expression methods']",UC7cs8q-gJRlGwj4A8OmCmXg,517
OISvlkfbntY,What are Hiring Managers Looking For? | Nail the Interview Process!,2023-07-18T12:00:17Z,45616,1603,76,"['Data Analyst', 'Data Analyst job', 'Data Analyst Career', 'Data Analytics', 'Alex The Analyst']",UC7cs8q-gJRlGwj4A8OmCmXg,822
8dTpNajxaH0,Scraping Data from a Real Website | Web Scraping in Python,2023-07-11T12:00:07Z,704511,12443,485,"['Data Analyst', 'Data Analyst job', 'Data Analyst Career', 'Data Analytics', 'Alex The Analyst', 'python', 'python web scraping', 'how to web scrape', 'web scraping in python']",UC7cs8q-gJRlGwj4A8OmCmXg,1523
oreAsJTNcsA,SQL Beginner to Advanced in One Hour | CareerFoundry Webinar,2023-07-06T17:20:05Z,239728,6637,120,"['Data Analyst', 'Data Analyst job', 'Data Analyst Career', 'Data Analytics', 'Alex The Analyst']",UC7cs8q-gJRlGwj4A8OmCmXg,4108
xjA1HjvmoMY,Find and Find_All | Web Scraping in Python,2023-07-04T12:00:49Z,97895,2449,44,"['Data Analyst', 'Data Analyst job', 'Data Analyst Career', 'Data Analytics', 'Alex The Analyst', 'python', 'python web scraping', 'web scraping with python', 'find and find_all']",UC7cs8q-gJRlGwj4A8OmCmXg,730
LO7hzmoHEIE,500k Livestream!!,2023-06-28T17:11:25Z,6286,383,24,"['Data Analyst', 'Data Analyst job', 'Data Analyst Career', 'Data Analytics', 'Alex The Analyst', 'livestream']",UC7cs8q-gJRlGwj4A8OmCmXg,6232
bargNl2WeN4,BeautifulSoup + Requests | Web Scraping in Python,2023-06-27T12:00:28Z,236654,4131,84,"['Data Analyst', 'Data Analyst job', 'Data Analyst Career', 'Data Analytics', 'Alex The Analyst', 'python', 'python web scraping', 'beautifulsoup', 'requests', 'beautifulsoup and requests']",UC7cs8q-gJRlGwj4A8OmCmXg,418
q-kbzWjyPak,Inspecting Web Pages with HTML | Web Scraping in Python,2023-06-20T12:00:43Z,92758,2243,42,"['Data Analyst', 'Data Analyst job', 'Data Analyst Career', 'Data Analytics', 'Alex The Analyst', 'python', 'python web scraping', 'web scraping in python']",UC7cs8q-gJRlGwj4A8OmCmXg,355
PExdWWcxmro,Best Places to Find Datasets for Your Projects,2023-06-13T12:00:16Z,239456,5801,104,"['Data Analyst', 'Data Analyst job', 'Data Analyst Career', 'Data Analytics', 'Alex The Analyst']",UC7cs8q-gJRlGwj4A8OmCmXg,464
Liv6eeb1VfE,Exploratory Data Analysis in Pandas | Python Pandas Tutorials,2023-06-06T12:00:14Z,211103,4622,248,"['Data Analyst', 'Data Analyst job', 'Data Analyst Career', 'Data Analytics', 'Alex The Analyst', 'pandas', 'pandas python', 'python pandas', 'pandas tutorial', 'eda in python', 'eda in pandas', 'pandas eda', 'eda pandas', 'exploratory data analysis', 'exploratory data analysis in pandas']",UC7cs8q-gJRlGwj4A8OmCmXg,1933
fHK4nHbUtj0,Data Analyst Q/A Livestream | May Livestream | Ask Me Anything!,2023-05-30T16:34:20Z,10270,363,20,"['Data Analyst', 'Data Analyst job', 'Data Analyst Career', 'Data Analytics', 'Alex The Analyst', 'livestream']",UC7cs8q-gJRlGwj4A8OmCmXg,5548
5l2d_Rv0odE,What is Microsoft Fabric? | New Data Analytics Platform!,2023-05-29T12:00:07Z,347886,6317,171,"['Data Analyst', 'Data Analyst job', 'Data Analyst Career', 'Data Analytics', 'Alex The Analyst']",UC7cs8q-gJRlGwj4A8OmCmXg,443
bDhvCp3_lYw,Data Cleaning in Pandas | Python Pandas Tutorials,2023-05-23T12:30:17Z,480648,11166,512,"['Data Analyst', 'Data Analyst job', 'Data Analyst Career', 'Data Analytics', 'Alex The Analyst', 'pandas', 'pandas tutorials', 'python pandas', 'pandas python', 'data cleaning', 'data cleaning in pandas', 'data cleaning in python', 'how to clean data', 'pandas data cleaning']",UC7cs8q-gJRlGwj4A8OmCmXg,2317
IMU1V-JugKo,The Ultimate Data Analytics Career Plan for 2023 | CareerFoundry Webinar,2023-05-16T16:18:56Z,59061,1872,52,"['Data Analyst', 'Data Analyst job', 'Data Analyst Career', 'Data Analytics', 'Alex The Analyst']",UC7cs8q-gJRlGwj4A8OmCmXg,4248
FpgkpjSyBOw,State of AI in Analytics | Will AI be the End of Data Analysts?,2023-05-15T12:30:11Z,46888,1383,376,"['Data Analyst', 'Data Analyst job', 'Data Analyst Career', 'Data Analytics', 'Alex The Analyst', 'AI Analytics', 'Analytics in AI']",UC7cs8q-gJRlGwj4A8OmCmXg,4352
6jtS3Hz19kc,Google Bard Got An Upgrade! + Google's New AI Announcements!,2023-05-12T12:15:00Z,33390,798,79,"['Data Analyst', 'Data Analyst job', 'Data Analyst Career', 'Data Analytics', 'Alex The Analyst', 'Google Bard', 'Bard', 'Bard AI', 'Bard Google', 'Bard Chatbot', 'Google ChatBot', 'Google I/O Conference', 'Google IO', 'Google I/O', 'Google Conference', 'Google Developer Conference', 'ChatGPT vs Bard', 'Bard vs ChatGPT', 'ChatGPT', 'ChatGPT Competitors']",UC7cs8q-gJRlGwj4A8OmCmXg,521
JpSMse3eVVg,Creating Visualizations using Pandas Library | Python Pandas Tutorials,2023-05-09T11:30:06Z,104589,2288,47,"['Data Analyst', 'Data Analyst job', 'Data Analyst Career', 'Data Analytics', 'Alex The Analyst', 'visualizations in pandas', 'pandas', 'pandas tutorials', 'charts in pandas', 'pandas visualization']",UC7cs8q-gJRlGwj4A8OmCmXg,1010
TPivN7tpdwc,Merging DataFrames in Pandas | Python Pandas Tutorials,2023-05-02T12:06:33Z,164877,3528,84,"['Data Analyst', 'Data Analyst job', 'Data Analyst Career', 'Data Analytics', 'Alex The Analyst', 'pandas merge', 'merge pandas', 'pandas', 'pandas tutorial', 'join pandas', 'join in pandas', 'concatenate in pandas', 'concatenate pandas']",UC7cs8q-gJRlGwj4A8OmCmXg,1329
kky9MMydnOA,Data Analyst Q/A Livestream | April Livestream | Ask Me Anything!,2023-04-27T16:32:02Z,10334,338,27,"['Data Analyst', 'Data Analyst job', 'Data Analyst Career', 'Data Analytics', 'Alex The Analyst', 'livestream']",UC7cs8q-gJRlGwj4A8OmCmXg,5944
2izXQUoXyjA,How to Integrate ChatGPT in Jupyter Notebooks for Free!,2023-04-25T11:30:01Z,66803,1260,59,"['Data Analyst', 'Data Analyst job', 'Data Analyst Career', 'Data Analytics', 'Alex The Analyst', 'Chatgpt', 'Jupyter notebooks', 'Add ChatGPT', 'ChatGPT in Jupyter Notebooks']",UC7cs8q-gJRlGwj4A8OmCmXg,481
zilfrWwbteQ,7 Ways to Use ChatGPT for Analytics | Webinar,2023-04-18T16:18:50Z,39426,1077,31,"['Data Analyst', 'Data Analyst job', 'Data Analyst Career', 'Data Analytics', 'Alex The Analyst']",UC7cs8q-gJRlGwj4A8OmCmXg,4135
PJINexERxOs,Google Business Intelligence Professional Certification Review,2023-04-18T11:30:08Z,47306,1281,74,"['Data Analyst', 'Data Analyst job', 'Data Analyst Career', 'Data Analytics', 'Alex The Analyst', 'Google certifications', 'Google Business Certification', 'Google Business Intelligence Certification on Course', 'Coursera Google Certification']",UC7cs8q-gJRlGwj4A8OmCmXg,424
gTf2GLEhKgA,Google Advanced Data Analytics Professional Certificate First Look | Is it Worth it?,2023-04-10T11:30:21Z,161772,4555,404,"['Data Analyst', 'Data Analyst job', 'Data Analyst Career', 'Data Analytics', 'Alex The Analyst', 'Google Certification', 'Google Data Analyst', 'Google Data Analyst Certification', 'Google Advanced Data Analyst', 'Google Advanced Data analytics', 'Google Advanced Data Analytics Certification', 'Google Advanced Data Analytics Certification Review']",UC7cs8q-gJRlGwj4A8OmCmXg,695
VRmXto2YA2I,Group By and Aggregate Functions in Pandas | Python Pandas Tutorials,2023-04-04T11:30:10Z,133589,3199,140,"['Data Analyst', 'Data Analyst job', 'Data Analyst Career', 'Data Analytics', 'Alex The Analyst', 'pandas', 'pandas group by', 'group by in pandas', 'aggregating in pandas', 'agg pandas', 'pandas agg', 'pangas group_by', 'groupby pandas', 'pandas groupby', 'pandas tutorial', 'python pandas tutorial']",UC7cs8q-gJRlGwj4A8OmCmXg,665
6yNsc7JVPJE,Top 5 Biggest Mistakes Beginner Data Analysts Make,2023-03-28T11:30:04Z,39847,1795,82,"['Data Analyst', 'Data Analyst job', 'Data Analyst Career', 'Data Analytics', 'Alex The Analyst']",UC7cs8q-gJRlGwj4A8OmCmXg,534
mBCG9J1TVTc,Indexes in Pandas | Python Pandas Tutorials,2023-03-21T11:30:30Z,83270,1866,54,"['Data Analyst', 'Data Analyst job', 'Data Analyst Career', 'Data Analytics', 'Alex The Analyst', 'pandas', 'pandas tutorial', 'coding', 'python', 'python pandas', 'index in pandas', 'pandas index', 'index pandas', 'how to use indexes in pandas']",UC7cs8q-gJRlGwj4A8OmCmXg,682
WizLaDdsHUs,Create the Perfect Data Analyst Resume | Free Templates!,2023-03-14T11:30:10Z,245755,6585,258,"['Data Analyst', 'Data Analyst job', 'Data Analyst Career', 'Data Analytics', 'Alex The Analyst', 'data analyst resume', 'creating a resume', 'resume', 'resume for data analysis', 'resume for data analysts', 'how to create a resume', 'how to create a data analyst resume', 'resume for analysts']",UC7cs8q-gJRlGwj4A8OmCmXg,1057
kB7FV-ijdqE,Filtering Columns and Rows in Pandas | Python Pandas Tutorials,2023-03-07T12:30:30Z,134277,2746,69,"['Data Analyst', 'Data Analyst job', 'Data Analyst Career', 'Data Analytics', 'Alex The Analyst', 'pandas', 'pandas python', 'coding', 'filtering pandas', 'ordering pandas', 'how to filter in pandas', 'how to order in pandas', 'pandas order by', 'pandas filter', 'pandas loc', 'pandas iloc']",UC7cs8q-gJRlGwj4A8OmCmXg,709
dFA0E-6xT_M,Data Analyst Q/A Livestream | March Livestream | Ask Me Anything!,2023-03-02T16:27:46Z,11215,392,33,"['Data Analyst', 'Data Analyst job', 'Data Analyst Career', 'Data Analytics', 'Alex The Analyst', 'livestream']",UC7cs8q-gJRlGwj4A8OmCmXg,5296
dUpyC40cF6Q,Reading in Files in Pandas | Python Pandas Tutorials,2023-02-28T12:30:18Z,272803,4353,127,"['Data Analyst', 'Data Analyst job', 'Data Analyst Career', 'Data Analytics', 'Alex The Analyst', 'Pandas', 'pandas python', 'python pandas', 'pandas tutorials', 'pandas tutorial', 'reading in files', 'python read in files', 'pandas read in file']",UC7cs8q-gJRlGwj4A8OmCmXg,1157
gs0FNQR0njI,Building an Automated File Sorter in File Explorer using Python | Python Projects for Beginners,2023-02-21T12:32:29Z,88066,1901,101,"['Data Analyst', 'Data Analyst job', 'Data Analyst Career', 'Data Analytics', 'Alex The Analyst', 'python project', 'python project for beginners']",UC7cs8q-gJRlGwj4A8OmCmXg,1011
C75TROiiEa0,ChatGPT for Data Analysts | Best Use Cases + Analyzing a Dataset,2023-02-14T12:30:08Z,449866,8304,221,"['Data Analyst', 'Data Analyst job', 'Data Analyst Career', 'Data Analytics', 'Alex The Analyst', 'Chat gpt', 'Chatgpt', 'Chatgpt for data analysis', 'data analyst using chatgpt', 'chatgpt 3.5', 'chatgpt for data analysts', 'data analyst chatgpt', 'chatgpt data analyst']",UC7cs8q-gJRlGwj4A8OmCmXg,1867
rGx1QNdYzvs,FREE Data Analyst Bootcamp!!,2023-02-07T12:30:11Z,2257970,51773,2048,"['Data Analyst', 'Data Analyst job', 'Data Analyst Career', 'Data Analytics', 'Alex The Analyst', 'data analyst bootcamp', 'data analytics bootcamp', 'become a data nalyst', 'free bootcamp', 'free data bootcamp', 'free data analyst bootcamp']",UC7cs8q-gJRlGwj4A8OmCmXg,412
CUBfrdDwznQ,How to Become a Data Analyst in 2023 (Completely FREE!),2023-01-31T12:30:06Z,1429178,46012,1447,"['Data Analyst', 'Data Analyst job', 'Data Analyst Career', 'Data Analytics', 'Alex The Analyst', 'data analyst 2023', 'how to become a data analyst', 'data analyst guide', 'guide to become a data analyst']",UC7cs8q-gJRlGwj4A8OmCmXg,839
L-QnW_BZT3c,Live Portfolio Review with Alex the Analyst!  | Live Webinar,2023-01-25T17:14:49Z,17835,632,23,"['Data Analyst', 'Data Analyst job', 'Data Analyst Career', 'Data Analytics', 'Alex The Analyst']",UC7cs8q-gJRlGwj4A8OmCmXg,4217
S76iS03nGis,DIY Data Analyst Curriculum using Udemy (Under $75),2023-01-24T12:30:13Z,41993,1480,120,"['Data Analyst', 'Data Analyst job', 'Data Analyst Career', 'Data Analytics', 'Alex The Analyst', 'diy data analyst curriculum using udemy', 'udemy courses', 'best udemy courses', 'data analyst udemy', 'build your own courses on udemy', 'udemy']",UC7cs8q-gJRlGwj4A8OmCmXg,769
RBEgsEVO3T8,Reviewing Maven Analytics Free Portfolio Website,2023-01-17T12:30:08Z,29941,864,49,"['Data Analyst', 'Data Analyst job', 'Data Analyst Career', 'Data Analytics', 'Alex The Analyst', 'maven analytics', 'maven analytics data analyst', 'maven analytics showcase', 'maven analytics portfolio', 'maven analytics portfolio website', 'Portfolio on maven analytics']",UC7cs8q-gJRlGwj4A8OmCmXg,1356
gCG07l6Fu-U,5 Study Hacks for Beginner Data Analysts! | Live Webinar,2023-01-16T17:25:08Z,46697,1353,36,"['Data Analyst', 'Data Analyst job', 'Data Analyst Career', 'Data Analytics', 'Alex The Analyst']",UC7cs8q-gJRlGwj4A8OmCmXg,4650
DXwFsxCtukg,DIY Data Analyst Curriculum using Coursera in 2023,2023-01-10T12:30:03Z,65923,3031,222,"['Data Analyst', 'Data Analyst job', 'Data Analyst Career', 'Data Analytics', 'Alex The Analyst', 'coursera', 'data analyst courses', 'best coursera courses', 'diy data analyst curriculum coursera', 'cousera data analyst']",UC7cs8q-gJRlGwj4A8OmCmXg,752
ey1VNjU0YbM,Building a BMI Calculator with Python | Python Projects for Beginners,2023-01-03T12:30:12Z,110122,2213,92,"['Data Analyst', 'Data Analyst job', 'Data Analyst Career', 'Data Analytics', 'Alex The Analyst', 'bmi calculator', 'python calculator', 'python bmi calculator', 'how to create a bmi calculator in python', 'how to create a bmi calculator']",UC7cs8q-gJRlGwj4A8OmCmXg,863
0MKcCHrTo0c,"Reading, Writing, and Appending Files in Python | Python for Beginners",2022-12-27T13:00:00Z,12967,347,13,"['Data Analyst', 'Data Analyst job', 'Data Analyst Career', 'Data Analytics', 'Alex The Analyst', 'reading files in python', 'working with files in python', 'appending files in python', 'writing to files in python', 'python files']",UC7cs8q-gJRlGwj4A8OmCmXg,564
bVJfQAe-UP4,Why I Quit my 125k Analytics Job,2022-12-20T12:00:33Z,158324,8695,853,"['Data Analyst', 'Data Analyst job', 'Data Analyst Career', 'Data Analytics', 'Alex The Analyst', 'quitting my job', 'why I quit my job', 'why I quit', 'quitting my analytics job', 'why I quit my analytics job', 'why I left', 'why I left my job', 'why I left my analytics job']",UC7cs8q-gJRlGwj4A8OmCmXg,463
_2OknmkngkQ,Data Analyst Q/A Livestream + Special Guest! | December Livestream,2022-12-17T14:16:05Z,5114,166,15,"['Data Analyst', 'Data Analyst job', 'Data Analyst Career', 'Data Analytics', 'Alex The Analyst', 'livestream']",UC7cs8q-gJRlGwj4A8OmCmXg,4968
B63bN2cLVLM,Converting Data Types in Python | Python for Beginners,2022-12-13T12:00:06Z,66330,1697,40,"['Data Analyst', 'Data Analyst job', 'Data Analyst Career', 'Data Analytics', 'Alex The Analyst', 'data types in python', 'converting data types in python', 'converting data types', 'python converting data types']",UC7cs8q-gJRlGwj4A8OmCmXg,396
zvzjaqMBEso,Functions in Python | Python for Beginners,2022-12-06T12:00:36Z,112803,2351,46,"['Data Analyst', 'Data Analyst job', 'Data Analyst Career', 'Data Analytics', 'Alex The Analyst', 'functions', 'functions in python', 'how to use functions in python', 'python functions']",UC7cs8q-gJRlGwj4A8OmCmXg,764
ECduJk00mUU,While Loops in Python | Python for Beginners,2022-11-29T12:00:07Z,106595,2513,43,"['Data Analyst', 'Data Analyst job', 'Data Analyst Career', 'Data Analytics', 'Alex The Analyst', 'while loops in python', 'python while loops', 'while loops', 'while loop in python', 'how to use a while loop', 'how to use a while loop in python']",UC7cs8q-gJRlGwj4A8OmCmXg,340
zmIdC0_0BgY,For Loops in Python | Python for Beginners,2022-11-22T12:00:48Z,96855,2114,39,"['Data Analyst', 'Data Analyst job', 'Data Analyst Career', 'Data Analytics', 'Alex The Analyst', 'for loops in python', 'for loops', 'how to use for loops', 'how to use for loops in python', 'python for loops', 'for loop', 'for loop in python']",UC7cs8q-gJRlGwj4A8OmCmXg,557
eP8-mo5jRrY,Data Analyst Q/A Livestream | November Livestream,2022-11-16T02:06:22Z,6320,199,18,"['Data Analyst', 'Data Analyst job', 'Data Analyst Career', 'Data Analytics', 'Alex The Analyst', 'livestream']",UC7cs8q-gJRlGwj4A8OmCmXg,3737
-BOBedcjySI,If Else Statements in Python | Python for Beginners,2022-11-15T12:00:00Z,82182,1954,34,"['Data Analyst', 'Data Analyst job', 'Data Analyst Career', 'Data Analytics', 'Alex The Analyst', 'if statements in python', 'if else statements in python', 'if/else statements in python', 'python if else statements', 'if else statements', 'if/else statements', 'if/else python', 'python if/else']",UC7cs8q-gJRlGwj4A8OmCmXg,400
lPVke-p4S7s,"Comparison, Logical, and Membership Operators in Python | Python for Beginners",2022-11-08T12:00:35Z,81517,1970,22,"['Data Analyst', 'Data Analyst job', 'Data Analyst Career', 'Data Analytics', 'Alex The Analyst', 'operators in python', 'logical operators in python', 'python operators', 'membership operators in python', 'comparison operators in python', 'python logical operators', 'python membership operators', 'python comparison operators', 'python for beginners']",UC7cs8q-gJRlGwj4A8OmCmXg,435
ppsCxnNm-JI,Data Types in Python | Python for Beginners,2022-11-01T11:00:37Z,193381,4170,95,"['Data Analyst', 'Data Analyst job', 'Data Analyst Career', 'Data Analytics', 'Alex The Analyst', 'Data Types', 'Data Types in Python', 'Python Data Types', 'Types of data in python']",UC7cs8q-gJRlGwj4A8OmCmXg,1318
rVhHGPDzEck,Data Analyst Q/A Livestream | October Livestream,2022-10-31T01:22:29Z,5753,181,11,"['Data Analyst', 'Data Analyst job', 'Data Analyst Career', 'Data Analytics', 'Alex The Analyst', 'livestream']",UC7cs8q-gJRlGwj4A8OmCmXg,4498
pHOH7UfOhbE,Variables in Python | Python for Beginners,2022-10-25T11:00:27Z,177169,3623,86,"['Data Analyst', 'Data Analyst job', 'Data Analyst Career', 'Data Analytics', 'Alex The Analyst', 'python variables', 'variables in python', 'how to use variables', 'how to use variables in python', 'variables']",UC7cs8q-gJRlGwj4A8OmCmXg,797
sXHIIW3Wt84,300k Livestream! | Giveaways for People in Chat | Bring Your Wine,2022-10-19T10:56:23Z,5280,242,21,"['Data Analyst', 'Data Analyst job', 'Data Analyst Career', 'Data Analytics', 'Alex The Analyst']",UC7cs8q-gJRlGwj4A8OmCmXg,5064
WUeBzT43JyY,Installing Jupyter Notebooks/Anaconda | Python for Beginners,2022-10-18T11:00:30Z,574304,8070,211,"['Data Analyst', 'Data Analyst job', 'Data Analyst Career', 'Data Analytics', 'Alex The Analyst', 'python for beginners', 'how to install jupyter notebooks', 'how to install anaconda', 'how to use python', 'python']",UC7cs8q-gJRlGwj4A8OmCmXg,603
DVs9u15htXU,Interviewing Tina Huang | Fellow YouTuber and Data Enthusiast,2022-10-13T11:00:07Z,9718,333,20,"['Data Analyst', 'Data Analyst job', 'Data Analyst Career', 'Data Analytics', 'Alex The Analyst', 'Tina Huang', 'Tina Huang YouTube', 'Tina Huang Interview', 'Interviewing Tina Huang']",UC7cs8q-gJRlGwj4A8OmCmXg,1326
zW3qJUeJLWc,Interviewing Luke Barousse | Arch-Nemesis and Fellow YouTuber,2022-10-11T11:00:42Z,7706,335,31,"['Data Analyst', 'Data Analyst job', 'Data Analyst Career', 'Data Analytics', 'Alex The Analyst', 'Luke barrouse', 'luke barrouse data', 'luke barousse data analyst', 'luke barrouse interview', 'interviewing luke barousse']",UC7cs8q-gJRlGwj4A8OmCmXg,1466
m1AkWK_ODLM,When Best Friends Work Together (ft. Luke Barousse),2022-10-04T10:30:09Z,16442,697,84,"['Data Analyst', 'Data Analyst job', 'Data Analyst Career', 'Data Analytics', 'Alex The Analyst', 'working with friends', 'when best friends work together']",UC7cs8q-gJRlGwj4A8OmCmXg,335
Pfq-8pGzgg4,Data Analyst Live Stream | Riding out Hurricane Ian,2022-10-01T01:48:31Z,6801,211,8,"['Data Analyst', 'Data Analyst job', 'Data Analyst Career', 'Data Analytics', 'Alex The Analyst']",UC7cs8q-gJRlGwj4A8OmCmXg,5588
pixlHHe_lNQ,Full Power BI Guided Project | Microsoft Power BI for Beginners,2022-09-27T10:30:19Z,586051,10716,562,"['Data Analyst', 'Data Analyst job', 'Data Analyst Career', 'Data Analytics', 'Alex The Analyst', 'full project in power bi', 'power bi project', 'full power bi project', 'real project in power bi', 'power bi real project', 'power bi', 'power bi tutorial', 'how to use power bi', 'power bi guided project', 'guided project in power bi']",UC7cs8q-gJRlGwj4A8OmCmXg,2557
3NV5Jtbhfcw,Popular Visualizations in Power BI | Microsoft Power BI for Beginners,2022-09-20T10:30:00Z,188079,3797,78,"['Data Analyst', 'Data Analyst job', 'Data Analyst Career', 'Data Analytics', 'Alex The Analyst', 'power bi', 'power bi tutorial', 'how to use power bi', 'power bi visualization', 'power bi visualizations', 'different visualizations in power bi', 'popular visualizations in power bi']",UC7cs8q-gJRlGwj4A8OmCmXg,854
1cfrQLoJMPI,"Guided Portfolio Projects on Coursera | Python, SQL, Excel, Power BI, and Tableau",2022-09-13T10:30:00Z,60731,2180,96,"['Data Analyst', 'Data Analyst job', 'Data Analyst Career', 'Data Analytics', 'Alex The Analyst', 'portfolio projects', 'portfolio projects for data analysts', 'data analyst portfolio projects', 'data science portfolio project', 'coursera guided projects', 'coursera portfolio projects']",UC7cs8q-gJRlGwj4A8OmCmXg,501
9j_EBt3RNrs,How to use Bins and Lists in Power BI | Microsoft Power BI for Beginners,2022-09-06T10:30:02Z,152703,3162,61,"['Data Analyst', 'Data Analyst job', 'Data Analyst Career', 'Data Analytics', 'Alex The Analyst', 'Bins and Lists', 'Power BI Bins', 'Power BI Lists', 'How to use bins', 'how to use bins in power bi', 'how to use lists in power bi', 'power bi bins and lists']",UC7cs8q-gJRlGwj4A8OmCmXg,571
m0h3Ghl6mgY,How to use Conditional Formatting in Power BI | Microsoft Power BI for Beginners,2022-08-30T10:30:10Z,254871,3720,68,"['Data Analyst job', 'Data Analyst Career', 'Data Analytics', 'Alex The Analyst', 'conditional formatting', 'conditional formatting in power bi', 'how to use conditional formatting in power bi', 'power bi conditional formatting', 'power bi tutorials', 'power bi tutorials for beginners']",UC7cs8q-gJRlGwj4A8OmCmXg,594
50D__p6jdEI,Top 8 Mistakes Beginner Data Analyst's Make | CareerFoundry Webinar,2022-08-24T16:15:29Z,77640,2066,78,"['Data Analyst', 'Data Analyst job', 'Data Analyst Career', 'Data Analytics', 'Alex The Analyst']",UC7cs8q-gJRlGwj4A8OmCmXg,4249
tRCGGlMI19M,Interviewing Ken Jee | The Face of Data Science on YouTube,2022-08-23T10:30:19Z,7519,257,15,"['Data Analyst', 'Data Analyst job', 'Data Analyst Career', 'Data Analytics', 'Alex The Analyst', 'Ken Jee', 'Ken Jee interview', 'Ken jee data science', 'ken jee youtube', 'ken jee data', 'interviewing ken jee']",UC7cs8q-gJRlGwj4A8OmCmXg,1735
0QZBnhofU_U,CareerFoundry Data Analytics Bootcamp Review | Bootcamp + Intro + Free Course Review,2022-08-16T10:30:00Z,29067,683,130,"['Data Analyst', 'Data Analyst job', 'Data Analyst Career', 'Data Analytics', 'Alex The Analyst', 'careerfoundry', 'careerfoundry review', 'careerfoundry analytics', 'careerfoundry data analytics review', 'careerfoundry data analyst bootcamp', 'careerfoundry bootcamp review']",UC7cs8q-gJRlGwj4A8OmCmXg,1361
ulFY20KTzFQ,How to use Drill Down in Power BI | Microsoft Power BI for Beginners,2022-08-09T10:30:11Z,300292,4903,98,"['Data Analyst', 'Data Analyst job', 'Data Analyst Career', 'Data Analytics', 'Alex The Analyst', 'drill down', 'drill down in power bi', 'how to drill down', 'how to use drill down', 'how to use drill down in power bi', 'power bi drill down', 'power bi drill down to another visual']",UC7cs8q-gJRlGwj4A8OmCmXg,362
PEc29sRZoTM,"Best Courses for Alternative Analyst Jobs | Marketing Analyst, Business Analyst, Financial Analyst",2022-08-02T10:30:05Z,20949,877,75,"['Data Analyst', 'Data Analyst job', 'Data Analyst Career', 'Data Analytics', 'Alex The Analyst', 'courses for business analysts', 'courses for financial analysts', 'courses for sports analysts', 'courses for data analysts', 'courses for analysts', 'sports analyst', 'marketing analyst', 'marketing analyst courses', 'sports analyst courses', 'financial anlyst', 'financial analyst courses', 'business analyst', 'business analyst courses']",UC7cs8q-gJRlGwj4A8OmCmXg,566
DlEkWd-8VXA,250k Subscriber Live Stream!!,2022-07-26T13:19:48Z,4170,156,11,"['Alex The Analyst', 'Live Stream', '250k subscriber live stream']",UC7cs8q-gJRlGwj4A8OmCmXg,4539
vcijg0gUXSg,How to use DAX in Power BI | Microsoft Power BI for Beginners,2022-07-26T10:30:12Z,327597,5953,240,"['Data Analyst', 'Data Analyst job', 'Data Analyst Career', 'Data Analytics', 'Alex The Analyst', 'power bi tutorial', 'tutorial for power bi', 'power bi', 'power bi tutorial for beginners', 'beginner power bi', 'power bi beginner', 'power bi beginner tutorial', 'what is power bi', 'power bi beginner to expert', 'using dax in power bi', 'power bi dax', 'dax in power bi', 'how to use dax']",UC7cs8q-gJRlGwj4A8OmCmXg,944
gCg47n_TlFc,Tech Layoffs and Hiring Freezes | The Great Resignation | Alex The Analyst Show | Episode 23,2022-07-19T10:30:06Z,22059,610,123,"['Data Analyst', 'Data Analyst job', 'Data Analyst Career', 'Data Analytics', 'Alex The Analyst', 'tech layoffs', 'hiring freezes', 'tech', 'great resignation', 'the great resignation']",UC7cs8q-gJRlGwj4A8OmCmXg,2954
sW5LoDA1ssM,How to Create and Manage Relationships in Power BI | Microsoft Power BI for Beginners,2022-07-12T10:30:22Z,419648,6742,169,"['Data Analyst', 'Data Analyst job', 'Data Analyst Career', 'Data Analytics', 'Alex The Analyst', 'power bi tutorial', 'tutorial for power bi', 'power bi', 'power bi tutorial for beginners', 'beginner power bi', 'power bi beginner', 'power bi beginner tutorial', 'what is power bi', 'power bi beginner to expert', 'Power bi relationships', 'Power bi modeling', 'modeling data in power bi', 'creating relationships in power bi']",UC7cs8q-gJRlGwj4A8OmCmXg,516
4nsdARJGzJ0,Machine Learning Specialization on Coursera | Review,2022-07-05T10:30:01Z,26620,819,63,"['Data Analyst', 'Data Analyst job', 'Data Analyst Career', 'Data Analytics', 'Alex The Analyst', 'Machine Learning', 'Machine Learning Python', 'Machine Learning Specialization', 'Machine Learning Coursera', 'Machine Learning Course', 'Best Machine Learning course']",UC7cs8q-gJRlGwj4A8OmCmXg,895
_QvQxm4dptI,Meta Marketing Analytics Professional Certificate on Coursera | Review,2022-06-28T10:30:07Z,40254,1013,99,"['Data Analyst', 'Data Analyst job', 'Data Analyst Career', 'Data Analytics', 'Alex The Analyst', 'Meta', 'Meta Marketing', 'Meta Marketing Analytics', 'Meta marketing course', 'Meta marketing analytics professional certificate', 'Certification by meta', 'Meta Certification', 'Meta Marketing Certification', 'Meta Marketing Analytics Review', 'Meta Marketing Analytics Certification']",UC7cs8q-gJRlGwj4A8OmCmXg,1146
HX2TabgkzHo,Google's Secret Hiring Platform | Found in the Google Data Analytics Certification,2022-06-21T10:30:09Z,45788,1637,132,"['Data Analyst', 'Data Analyst job', 'Data Analyst Career', 'Data Analytics', 'Alex The Analyst', 'foobar', 'foobar challenge', 'google hiring platform', 'secret google hiring platform', 'secret hiring platform google', 'google hiring', 'how google hires employees', 'how google hires data']",UC7cs8q-gJRlGwj4A8OmCmXg,612
gP-AxNi6uxo,How to use Power Query in Power BI | Microsoft Power BI for Beginners,2022-06-14T10:30:08Z,544291,8086,131,"['Data Analyst Career', 'Data Analytics', 'Alex The Analyst', 'power bi tutorial', 'tutorial for power bi', 'power bi', 'power bi tutorial for beginners', 'beginner power bi', 'power bi beginner', 'power bi beginner tutorial', 'what is power bi', 'power bi beginner to expert', 'power query', 'power query editor', 'power query editor in power bi', 'power query editor in power bi deskptop', 'how to use power query', 'how to use power query editor in power bi']",UC7cs8q-gJRlGwj4A8OmCmXg,787
KB2CtEDrglY,Automating Crypto Website API Pull Using Python | Data Analyst Project,2022-06-07T10:30:10Z,89039,1433,125,"['Data Analyst', 'Data Analyst job', 'Data Analyst Career', 'Data Analytics', 'Alex The Analyst', 'crypto project', 'pulling data from an api', 'how to use an api', 'using api to pull data', 'crypto', 'data analyst project', 'data analyst automation', 'python automation', 'automating data pull in python', 'python automation job', 'python automation crypto']",UC7cs8q-gJRlGwj4A8OmCmXg,3074
2HfSFdPEFRg,How to use a Public API | Using a Public API with Python,2022-05-31T10:30:01Z,68124,1997,91,"['Data Analyst', 'Data Analyst job', 'Data Analyst Career', 'Data Analytics', 'Alex The Analyst', 'how to use an api', 'using an api', 'public api', 'how to use a public api']",UC7cs8q-gJRlGwj4A8OmCmXg,841
g0m5sEHPU-s,How to Install Power BI | Building First Visualization | Microsoft Power BI for Beginners,2022-05-24T10:30:06Z,812000,12970,324,"['Data Analyst', 'Data Analyst job', 'Data Analyst Career', 'Data Analytics', 'Alex The Analyst', 'power bi tutorial', 'tutorial for power bi', 'power bi', 'power bi tutorial for beginners', 'beginner power bi', 'power bi beginner', 'power bi beginner tutorial', 'what is power bi', 'power bi beginner to expert']",UC7cs8q-gJRlGwj4A8OmCmXg,770
Q7i6zxHVj2Q,MySQL vs Postgresql vs Microsoft SQL Server Management Tools | Which Option is Best?,2022-05-17T10:30:06Z,174210,3483,291,"['Data Analyst job', 'Data Analyst Career', 'Data Analytics', 'Alex The Analyst', 'mysql', 'postresql', 'sql server', 'Microsoft sql server', 'difference between mysql and postgresql', 'mysql vs postgresql', 'mysql vs postgresql vs sql server', 'mysql vs postgresql vs Microsoft sql server', 'different types of sql', 'best type of sql', 'is mysql good', 'is postgresql good', 'best sql type', 'best version of sql', 'sql types']",UC7cs8q-gJRlGwj4A8OmCmXg,965
ddn-2r1j_OU,Top 3 Tips to Stop Procrastinating to be Successful,2022-05-10T10:30:05Z,33595,1674,155,"['Data Analyst', 'Data Analyst job', 'Data Analyst Career', 'Data Analytics', 'Alex The Analyst', 'how to stop procrastinating', 'data analyst procrastination', 'stop procrastinating', 'how to be successful', 'tips to stop procrastinating']",UC7cs8q-gJRlGwj4A8OmCmXg,400
Pf-9pjJK1e0,SQL vs NoSQL | What's the Difference?,2022-05-03T10:30:03Z,67505,1949,66,"['Data Analyst', 'Data Analyst job', 'Data Analyst Career', 'Data Analytics', 'Alex The Analyst', 'sql vs nosql', 'nosql', 'nosql database', 'what is nosql', 'what is sql']",UC7cs8q-gJRlGwj4A8OmCmXg,355
-bSkREem8dM,Database vs Data Warehouse vs Data Lake | What is the Difference?,2022-04-26T10:30:00Z,984760,25143,347,"['Data Analyst', 'Data Analyst job', 'Data Analyst Career', 'Data Analytics', 'Alex The Analyst', 'database vs data warehouse', 'database vs data lake', 'database vs data warehouse vs data lake', 'data base vs data lake vs data warehouse', 'database vs data lake vs data warehouse', 'data warehouse', 'data lake', 'what is a database', 'what is a data warehouse', 'what is a data lake', 'what is a data lake vs data warehouse', 'data warehouse vs data lake']",UC7cs8q-gJRlGwj4A8OmCmXg,322
xKdtP3IZbnU,How I Manage My Time Working 60+ Hours Per Week | Alex The Analyst Show | Episode 22,2022-04-20T10:30:09Z,12042,326,161,"['Data Analyst', 'Data Analyst job', 'Data Analyst Career', 'Data Analytics', 'Alex The Analyst', 'how to manage time', 'how to manage work', 'working 60 hours', 'how to manage working 60 hours', 'how to manage working two jobs']",UC7cs8q-gJRlGwj4A8OmCmXg,2610
GsAXOr715AU,200k Livestream! | Shaving | Puppies | Giveaway,2022-04-14T13:29:42Z,3186,133,11,"['Data Analyst', 'Data Analyst job', 'Data Analyst Career', 'Data Analytics', 'Alex The Analyst', '200k livestream']",UC7cs8q-gJRlGwj4A8OmCmXg,4892
2JnlQ8jwWbE,Things I HATE About Being a Data Analyst,2022-04-12T10:30:00Z,36703,1515,200,"['Data Analyst', 'Data Analyst job', 'Data Analyst Career', 'Data Analytics', 'Alex The Analyst', 'why i hate data analytics', 'do people like being data analysts', 'data analyst cons', 'cons of being a data analyst', 'data analyst job satisfaction']",UC7cs8q-gJRlGwj4A8OmCmXg,634
hNTNZ00cZig,Best Website to Practice Technical Interview Questions,2022-04-05T10:30:07Z,20406,687,56,"['Data Analyst', 'Data Analyst job', 'Data Analyst Career', 'Data Analytics', 'Alex The Analyst', 'technical interview questions', 'technical interview for data analysts', 'data analyst technical interview questions', 'stratascratch', 'where to study technical interview questions', 'data analyst interview questions', 'data analyst interview']",UC7cs8q-gJRlGwj4A8OmCmXg,1305
gz2j5NBESSs,Pros and Cons of Working Remote | Alex The Analyst Show | Episode 21,2022-03-29T10:30:17Z,7193,276,159,"['Data Analyst', 'Data Analyst job', 'Data Analyst Career', 'Data Analytics', 'Alex The Analyst', 'working remote', 'pros and cons of working remote', 'pros of working remote', 'cons of working remote', 'is working remote good', 'working remotely']",UC7cs8q-gJRlGwj4A8OmCmXg,2930
opJgMj1IUrc,Full Project in Excel | Excel Tutorials for Beginners,2022-03-22T10:30:15Z,1100773,22521,1246,"['Data Analyst', 'Data Analyst job', 'Data Analyst Career', 'Data Analytics', 'Alex The Analyst', 'excel tutorial', 'excel for data analysts', 'excel for data science', 'excel project', 'excel project for data analyst']",UC7cs8q-gJRlGwj4A8OmCmXg,2450
yRWkSKRYCaI,Top 5 Non-Technical Skills for Data Analysts,2022-03-15T10:30:18Z,22398,825,72,"['Data Analyst', 'Data Analyst job', 'Data Analyst Career', 'Data Analytics', 'Alex The Analyst', 'soft skills', 'soft skills for data analyst', 'soft skills for data science', 'soft skills for data analysts', 'non-technical skills', 'non-technical skills for data science', 'non-technical skills for data analysts']",UC7cs8q-gJRlGwj4A8OmCmXg,990
_jmiEGZ6PIY,Cleaning Data in Excel | Excel Tutorials for Beginners,2022-03-01T11:30:14Z,733652,14619,358,"['Data Analyst', 'Data Analyst job', 'Data Analyst Career', 'Data Analytics', 'Alex The Analyst', 'data cleaning in excel', 'excel for data analysts', 'data cleaning', 'excel data cleaning', 'how to clean data in excel', 'cleaning data in excel', 'excel']",UC7cs8q-gJRlGwj4A8OmCmXg,1264
4A8LV6fObYA,Tableau Data Analyst Certification Review,2022-02-22T11:30:01Z,72419,1683,129,"['Data Analyst', 'Data Analyst job', 'Data Analyst Career', 'Data Analytics', 'Alex The Analyst', 'tableau', 'tableau certifications', 'tableau data analyst', 'tableau data analyst certification', 'certifications for tableau', 'certification for Tableau', 'tableau in 2022', 'should I learn tableau', 'tableau in 2021']",UC7cs8q-gJRlGwj4A8OmCmXg,769
MPENhkuSo0Q,Job Title Alternatives for Data Analysts,2022-02-15T11:30:07Z,26593,1021,94,"['Data Analyst', 'Data Analyst job', 'Data Analyst Career', 'Data Analytics', 'Alex The Analyst', 'data analyst job title', 'data analyst alternatives', 'alternatives to data analyst', 'alternative job titles for data analysts', 'job title alternatives for data analysts']",UC7cs8q-gJRlGwj4A8OmCmXg,732
3irO29PJQHs,Best Coursera Courses for Data Analysts in 2022,2022-02-08T11:30:01Z,125498,5841,219,"['Data Analyst', 'Data Analyst job', 'Data Analyst Career', 'Data Analytics', 'Alex The Analyst', 'coursera', 'coursera for data analyst', 'data analyst courses', 'data analyst courses on coursera', 'data analyst coursera', 'data science coursera', 'data analyst courses coursera', 'coursera courses for data analysts', 'data scientist courses', 'data science courses']",UC7cs8q-gJRlGwj4A8OmCmXg,572
uHJFJUIYNAo,Understanding Your Data Analyst Salary Offer | What To Know Before Accepting,2022-02-01T11:30:10Z,21189,720,61,"['Data Analyst', 'Data Analyst job', 'Data Analyst Career', 'Data Analytics', 'Alex The Analyst', 'data analyst salary', 'salary for data analyst', 'salary negotiations', 'tech salary', 'analyst salary']",UC7cs8q-gJRlGwj4A8OmCmXg,450
gMAHXrty6wI,Charts in Excel | Excel Tutorials for Beginners,2022-01-25T11:30:18Z,197894,4618,94,"['Data Analyst', 'Data Analyst job', 'Data Analyst Career', 'Data Analytics', 'Alex The Analyst', 'excel tutorials', 'excel for data analysis', 'excel for data analysts', 'how to use excel', 'excel for data science', 'excel tutorials for beginners', 'excel for beginners', 'charts in excel', 'how to use charts in excel', 'excel charts']",UC7cs8q-gJRlGwj4A8OmCmXg,911
BIUFr9srS78,How I became a Data Analytics Manager | Alex The Analyst Show | Episode 20,2022-01-18T11:30:02Z,23583,868,360,"['Data Analyst', 'Data Analyst job', 'Data Analyst Career', 'Data Analytics', 'Alex The Analyst', 'how i became a data analyst', 'how I became a data manager', 'how I became an analytics manager', 'data analyst salary', 'analytics manager salary', 'analytics manager']",UC7cs8q-gJRlGwj4A8OmCmXg,2944
_eZRkmRfVTM,Conditional Formatting in Excel | Excel Tutorials for Beginners,2022-01-11T11:30:08Z,276434,5511,132,"['Data Analyst', 'Data Analyst job', 'Data Analyst Career', 'Data Analytics', 'Alex The Analyst', 'excel tutorials', 'excel for data analysis', 'excel for data analysts', 'how to use excel', 'excel for data science', 'excel tutorials for beginners', 'excel for beginners', 'conditional formatting', 'conditional formatting in excel', 'how to use conditional formatting']",UC7cs8q-gJRlGwj4A8OmCmXg,1259
s3JmRxs53W4,150k Subscriber Livestream!!,2022-01-10T14:59:31Z,3502,159,7,"['Data Analyst', 'Data Analyst job', 'Data Analyst Career', 'Data Analytics', 'Alex The Analyst', 'Alex the analyst live stream', '150k live stream', 'Data Analyst live', 'Data Analyst live stream']",UC7cs8q-gJRlGwj4A8OmCmXg,5138
yDG5KiiOZcQ,How To Become A Data Analyst In 2022,2022-01-04T11:30:11Z,498539,21867,629,"['Data Analyst', 'Data Analyst job', 'Data Analyst Career', 'Data Analytics', 'Alex The Analyst', 'how to become a data analyst in 2022', 'how to become a data analyst', 'data analyst guide', 'data analyst tutorials', 'become a data analyst', 'how to get into data analytics', 'how to get an analytics job', 'analytics job', 'getting a data analyst job', 'data analytics job', 'life as a data analyst']",UC7cs8q-gJRlGwj4A8OmCmXg,780
Z7hPEwCzk2s,XLOOKUP in Excel | Excel Tutorials for Beginners,2021-12-28T11:30:06Z,332323,6598,252,"['Data Analyst', 'Data Analyst job', 'Data Analyst Career', 'Data Analytics', 'Alex The Analyst', 'excel tutorials', 'excel for data analysis', 'excel for data analysts', 'how to use excel', 'excel for data science', 'excel tutorials for beginners', 'excel for beginners', 'xlookup', 'xlookup in excel', 'how to use xlookup', 'how to use xlookup in excel', 'xlookup tutorial']",UC7cs8q-gJRlGwj4A8OmCmXg,1127
XRPyj7cKVsQ,Formulas in Excel | Excel Tutorials for Beginners,2021-12-21T11:30:07Z,542206,10853,531,"['Data Analyst', 'Data Analyst job', 'Data Analyst Career', 'Data Analytics', 'Alex The Analyst', 'excel tutorials', 'excel for data analysis', 'excel for data analysts', 'how to use excel', 'excel for data science', 'excel tutorials for beginners', 'excel for beginners', 'formulas', 'formulas in excel', 'excel formulas', 'excel formulas for beginners']",UC7cs8q-gJRlGwj4A8OmCmXg,2034
lH7HfwUFnYA,Pivot Tables in Excel | Excel Tutorials for Beginners,2021-12-14T11:30:07Z,1084331,21113,486,"['Data Analyst', 'Data Analyst job', 'Data Analyst Career', 'Data Analytics', 'Alex The Analyst', 'excel tutorials', 'excel for data analysis', 'excel for data analysts', 'how to use excel', 'excel for data science', 'excel tutorials for beginners', 'pivot tables in excel', 'excel for beginners', 'how to use a pivot table', 'how to use a pivot table in excel', 'pivot table excel']",UC7cs8q-gJRlGwj4A8OmCmXg,1055
zOR0-nygfDE,Full Beginner Project in Tableau | Tableau Tutorials for Beginners,2021-12-07T11:30:11Z,358998,6813,519,"['Data Analyst', 'Data Analyst job', 'Data Analyst Career', 'Data Analytics', 'Alex The Analyst', 'tableau tutorial', 'tableau tutorials', 'tableau tutorial for beginners', 'tableau tutorials for beginner', 'tableau tutorials for data analysts', 'tableau tutorials for data scientists', 'tableau basic', 'tableau basics', 'tableau projects', 'Tableau joins', 'joins in tableau', 'Tableau project', 'tableau portfolio project', 'projects in tableau', 'project for tableau']",UC7cs8q-gJRlGwj4A8OmCmXg,2658
A4SVUF-fTwc,How to use Joins in Tableau | Tableau Tutorials for Beginners,2021-11-23T11:30:02Z,183466,4611,75,"['Data Analyst', 'Data Analyst job', 'Data Analyst Career', 'Data Analytics', 'Alex The Analyst', 'tableau tutorial', 'tableau tutorials', 'tableau tutorial for beginners', 'tableau tutorials for beginner', 'tableau tutorials for data analysts', 'tableau tutorials for data scientists', 'tableau basic', 'tableau basics', 'tableau projects', 'Tableau joins', 'joins in tableau']",UC7cs8q-gJRlGwj4A8OmCmXg,869
FnTunxd8tAM,Top 5 Major Red Flags in Job Descriptions,2021-11-18T11:30:08Z,18467,954,71,"['Data Analyst', 'Data Analyst job', 'Data Analyst Career', 'Data Analytics', 'Alex The Analyst', 'red flags', 'red flags in jobs', 'major red flags', 'red flags in data analyst jobs', 'red flags in data science jobs', 'big red flags', 'red flags in job interviews']",UC7cs8q-gJRlGwj4A8OmCmXg,421
-_z_aphWSEo,Truth About My Job (Song) - As a Data Analyst,2021-11-08T11:30:01Z,12044,932,108,"['Data Analyst', 'Data Analyst job', 'Data Analyst Career', 'Data Analytics', 'Alex The Analyst', 'truth about my job song', 'truth song', 'truth about data analytics', 'reality of data analytics', 'reality of data science', 'data science song', 'data science songs', 'song about data', 'data song', 'songs about data science', 'truth about data analyst job', 'truth about data science song']",UC7cs8q-gJRlGwj4A8OmCmXg,198
pL0jEjeM5hI,How to Grow Your Analytics Career | Alteryx Webinar Oct 2021 | Tips to Break Into Analytics,2021-10-26T10:00:23Z,11473,344,34,"['Data Analyst', 'Data Analyst job', 'Data Analyst Career', 'Data Analytics', 'Alex The Analyst', 'alteryx', 'webinar', 'alteryx webinar', 'how to become a data analyst', 'breaking into the data analyst field', 'data analytics', 'alteryx data analyst']",UC7cs8q-gJRlGwj4A8OmCmXg,1220
eg_5EAUXs5o,Choosing a Domain to Make More Money,2021-10-19T10:00:16Z,20861,988,77,"['Data Analyst', 'Data Analyst job', 'Data Analyst Career', 'Data Analytics', 'Alex The Analyst', 'domain knowledge', 'data science domain', 'data analyst domain', 'is domain knowledge important', 'domain knowledge to make more money', 'domain vs technical skills', 'choosing a domain', 'how to choose a domain']",UC7cs8q-gJRlGwj4A8OmCmXg,521
ebjDwX8sUMk,How to Create Visualizations in Tableau | Tableau Tutorials for Beginners,2021-10-05T11:30:14Z,224633,4845,221,"['Data Analyst', 'Data Analyst job', 'Data Analyst Career', 'Data Analytics', 'Alex The Analyst', 'tableau tutorial', 'tableau tutorials', 'tableau tutorial for beginners', 'tableau tutorials for beginner', 'tableau tutorials for data analysts', 'tableau tutorials for data scientists', 'tableau basic', 'tableau basics', 'tableau projects']",UC7cs8q-gJRlGwj4A8OmCmXg,845
f6qxxtWkaUg,How to use Calculated Fields and Bins in Tableau | Tableau Tutorials for Beginners,2021-09-28T11:30:07Z,290999,5930,105,"['Data Analyst', 'Data Analyst job', 'Data Analyst Career', 'Data Analytics', 'Alex The Analyst', 'tableau tutorial', 'tableau tutorials', 'tableau tutorial for beginners', 'tableau tutorials for beginner', 'tableau tutorials for data analysts', 'tableau tutorials for data scientists', 'tableau basic', 'tableau basics', 'tableau projects']",UC7cs8q-gJRlGwj4A8OmCmXg,385
6xv1KvCMF1Q,How to Install Tableau and Create First Visualization | Tableau Tutorials for Beginners,2021-09-21T11:30:01Z,932309,20384,455,"['Data Analyst', 'Data Analyst job', 'Data Analyst Career', 'Data Analytics', 'Alex The Analyst', 'tableau tutorial', 'tableau tutorials', 'tableau tutorial for beginners', 'tableau tutorials for beginner', 'tableau tutorials for data analysts', 'tableau tutorials for data scientists', 'tableau basic', 'tableau basics', 'tableau projects']",UC7cs8q-gJRlGwj4A8OmCmXg,1024
465x3JmMJYU,How NOT to Become a Data Analyst (Funny?),2021-09-07T11:30:01Z,17535,708,114,"['Data Analyst', 'Data Analyst job', 'Data Analyst Career', 'Data Analytics', 'Alex The Analyst', 'how not to become a data analyst', 'how to become a data analyst', 'becoming a data analyst', 'how to be a data analyst', 'Data analyst for beginners', 'how to get a data analyst job']",UC7cs8q-gJRlGwj4A8OmCmXg,291
Ns1ZpTxQnUE,100k Subscriber Play Button Unboxing,2021-08-31T11:30:04Z,2687,237,96,"['Data Analyst', 'Data Analyst job', 'Data Analyst Career', 'Data Analytics', 'Alex The Analyst', '100k subscriber', 'silver play button', '100k subscriber play button unboxing', 'silver play button unboxing', '100k subs alex the analyst', 'alex the analyst 100k']",UC7cs8q-gJRlGwj4A8OmCmXg,396
HiOtQMcI5wg,Amazon Web Scraping Using Python | Data Analyst Portfolio Project,2021-08-24T11:30:01Z,319212,6942,726,"['Data Analyst', 'Data Analyst job', 'Data Analyst Career', 'Data Analytics', 'Alex The Analyst', 'data analyst portfolio projects', 'python web scraping', 'scraping data from amazon', 'web scraping with python', 'web scraping with beautifulsoup', 'web scraping data analysis', 'scraping data using beautifulsoup and requests', 'data analyst project']",UC7cs8q-gJRlGwj4A8OmCmXg,2834
CUa30M_FPhk,Interviewing with PwC for a Senior Data Analyst Position,2021-08-17T11:30:01Z,100616,2648,157,"['Data Analyst', 'Data Analyst job', 'Data Analyst Career', 'Data Analytics', 'Alex The Analyst', 'interviewing at pwc', 'pwc interview', 'pwc', 'how to pass an interview at pwc', 'what is interviewing like at pwc', 'interview at pwc', 'pwc interviewing']",UC7cs8q-gJRlGwj4A8OmCmXg,1389
DKrSgSy6F1o,100k Livestream | Announcing Giveaway Winners | Trimming Mustache | Answering Questions,2021-08-13T14:38:59Z,4753,191,26,"['Data Analyst', 'Data Analyst job', 'Data Analyst Career', 'Data Analytics', 'Alex The Analyst', '100k livestream', 'alex the analyst 100k']",UC7cs8q-gJRlGwj4A8OmCmXg,3728
_zxPx1PQCqI,I Am No Longer a Data Analyst | Turning Down PwC | New Job,2021-08-11T11:30:05Z,143372,4389,481,"['Data Analyst', 'Data Analyst job', 'Data Analyst Career', 'Data Analytics', 'Alex The Analyst', 'new job', 'data analyst promotion', 'data analyst career path', 'working at pwc', 'pwc data analyst', 'data analyst pwc']",UC7cs8q-gJRlGwj4A8OmCmXg,959
UGF49YZZRNc,When To Start Applying To Your First Data Analyst Job,2021-07-21T11:30:04Z,92852,4819,245,"['Data Analyst', 'Data Analyst job', 'Data Analyst Career', 'Data Analytics', 'Alex The Analyst', 'when to start applying', 'first data analyst job', 'When to apply for a data analyst job', 'when to apply for a data analyst position', 'When To Start Applying To Your First Data Analyst Job', 'When to start applying for a data job', 'data analyst job', 'data analyst applying', 'applying for a data analyst job']",UC7cs8q-gJRlGwj4A8OmCmXg,251
aLp-6C-p-T0,Why You Need to Stop Taking Courses (From an Ex-Course Addict),2021-07-13T11:30:00Z,131003,5620,363,"['Data Analyst', 'Data Analyst job', 'Data Analyst Career', 'Data Analytics', 'Alex The Analyst', 'data analyst courses', 'data science courses', 'data scientist courses', 'stop taking courses', 'why you should stop taking courses', 'are courses bad']",UC7cs8q-gJRlGwj4A8OmCmXg,211
ocdwh0KYeUs,How to Create a Portfolio Website for FREE,2021-06-29T11:30:13Z,788657,17131,852,"['Data Analyst', 'Data Analyst job', 'Data Analyst Career', 'Data Analytics', 'Alex The Analyst', 'Data Analyst portfolio', 'Data Analyst Portfolio website', 'Data science portfolio website', 'data science portfolio project', 'data science portfolio', 'how to create a portfolio', 'how to create a portfolio website', 'how to create a data analyst portfolio', 'how to create a data science portfolio', 'portfolio website', 'data analyst portfolio website free', 'how to create a free website']",UC7cs8q-gJRlGwj4A8OmCmXg,2129
iPYVYBtUTyE,Data Analyst Portfolio Project | Correlation in Python | Project 4/4,2021-06-22T11:30:05Z,207787,3535,534,"['Data Analyst', 'Data Analyst job', 'Data Analyst Career', 'Data Analytics', 'Alex The Analyst', 'portfolio project', 'data analyst portfolio project', 'analyst portfolio project', 'data scientist portfolio project', 'python portfolio project', 'pandas portfolio project', 'python', 'python programming project', 'python project', 'data analyst python', 'data analyst python project']",UC7cs8q-gJRlGwj4A8OmCmXg,3645
dMHWOhgzUhU,How To Get a Data Analyst Job (with No Experience),2021-06-08T11:30:12Z,498279,21188,612,"['Data Analyst', 'Data Analyst job', 'Data Analyst Career', 'Data Analytics', 'Alex The Analyst', 'how to become a data analyst', 'data analyst with no experience', 'how to become a data analyst with no experience', 'becoming a data analyst with no experience', 'data analyst no experience', 'how to become a data analyst in 2021']",UC7cs8q-gJRlGwj4A8OmCmXg,457
A-LkxegXFX8,My Wife Answers Subscribers Questions About Me | Alex The Analyst Show | Episode 19,2021-06-03T11:30:01Z,6463,245,108,"['Data Analyst', 'Data Analyst job', 'Data Analyst Career', 'Data Analytics', 'Alex The Analyst', 'Alex The Analyst wife']",UC7cs8q-gJRlGwj4A8OmCmXg,1585
RJw-GSXXguA,Favorite Tableau and Power BI Courses on Udemy,2021-06-01T11:30:03Z,34572,887,86,"['Data Analyst', 'Data Analyst job', 'Data Analyst Career', 'Data Analytics', 'Alex The Analyst', 'Udemy courses', 'data analyst courses', 'tableau courses', 'power bi courses', 'Tableau vs power bi', 'best courses for data analysts']",UC7cs8q-gJRlGwj4A8OmCmXg,623
8rO7ztF4NtU,Data Analyst Portfolio Project | Data Cleaning in SQL | Project 3/4,2021-05-25T11:30:01Z,464542,8542,890,"['Alex The Analyst', 'Data Analyst portfolio project', 'Data Analyst Portfolio Projects', 'Projects for data analysts', 'data analyst tableau', 'Data Analyst project', 'Data cleaning in sql', 'sql for data cleaning', 'how to clean data in sql', 'how to clean data', 'how to clean data in sql server', 'Data cleaning', 'Data Analyst data cleaning', 'data cleaning for data analysts', 'data cleaning for data analysis', 'sql portfolio project', 'sql project']",UC7cs8q-gJRlGwj4A8OmCmXg,3284
QILNlRvJlfQ,Data Analyst Portfolio Project | Tableau Visualization | Project 2/4,2021-05-18T11:30:04Z,421748,6462,472,"['Data Analyst', 'Data Analyst job', 'Data Analyst Career', 'Data Analytics', 'Alex The Analyst', 'Data Analyst portfolio project', 'Data Analyst Portfolio Projects', 'Projects for data analysts', 'Data Analyst Tableau project', 'Data Analyst data visualizaion', 'data analyst tableau', 'tableau for data analysis', 'tableau project', 'data analyst portfolio', 'how to create a data analyst portfolio']",UC7cs8q-gJRlGwj4A8OmCmXg,3137
SVv0WwPzaUg,Asking My Family What I Do For a Living,2021-05-11T11:00:08Z,3784,195,55,"['Data Analyst', 'Data Analyst job', 'Data Analyst Career', 'Data Analytics', 'Alex The Analyst', 'what does a data analyst do', 'how much money does a data analyst make', 'data analyst salary', 'data analyst family', 'data analyst questions', 'alex the analyst family', 'alex the analyst salary', 'Data Analyst funny']",UC7cs8q-gJRlGwj4A8OmCmXg,757
qfyynHBFOsM,Data Analyst Portfolio Project | SQL Data Exploration | Project 1/4,2021-05-04T11:00:31Z,2241939,37973,4416,"['Alex The Analyst', 'data analyst project', 'data analyst portfolio', 'data analyst portfolio project', 'data analyst projects for beginners', 'data analyst projects for resume', 'data analyst sql project', 'data analyst github', 'data analyst tableau project', 'Portfolio project for data analyst', 'data exploration project', 'projects for data analysts', 'project for data analyst', 'data analyst projects', 'sql portfolio project', 'sql project', 'data analyst sql', 'sql project for data analyst']",UC7cs8q-gJRlGwj4A8OmCmXg,4629
m1KcNV-Zhmc,Advanced SQL Tutorial | Subqueries,2021-04-20T11:00:32Z,442791,9339,245,"['Data Analyst', 'Data Analyst job', 'Data Analyst Career', 'Data Analytics', 'Alex The Analyst', 'subqueries', 'sql subquery', 'sql subqueries', 'subqueries in sql', 'subquery in sql', 'advanced sql']",UC7cs8q-gJRlGwj4A8OmCmXg,517
IZRe0nwkuXc,Data Analyst Q/A #6 | Why Am I Not a Data Scientist?,2021-04-15T11:00:06Z,22478,817,141,"['Data Analyst', 'Data Analyst job', 'Data Analyst Career', 'Data Analytics', 'Alex The Analyst', 'data analyst questions', 'data analyst questions and answers', 'data analyst Q and A', 'data analyst Q/A', 'Data Analyst AMA', 'Questions for Data Analyst']",UC7cs8q-gJRlGwj4A8OmCmXg,1145
9RRQtNnq3s0,Google vs IBM Data Analytics Certificates | Which is Better?,2021-04-13T11:00:04Z,380950,12640,636,"['Data Analyst', 'Data Analyst job', 'Data Analyst Career', 'Data Analytics', 'Alex The Analyst', 'ibm data analyst', 'ibm data analytics', 'ibm data science', 'google data analyst', 'google data analytics', 'google professional certificate', 'ibm professional certificate', 'google vs ibm certificate', 'coursera google cert', 'coursera ibm cert', 'google vs ibm data analyst', 'google vs ibm data analytics certificate', 'ibm vs google certification', 'google vs ibm certification', 'google data analyst certification']",UC7cs8q-gJRlGwj4A8OmCmXg,358
qewHAdfzLOw,Data Analyst Reacts: How to Go From Data Analyst to Data Scientist,2021-04-06T11:00:12Z,28581,964,85,"['Data Analyst', 'Data Analyst job', 'Data Analyst Career', 'Data Analytics', 'Alex The Analyst', 'reaction video', 'reacting to ken jee video', 'data analyst to data scientist', 'going from data analyst to data scientist', 'how to become a data scientist', 'ken jee', 'ken jee video', 'data science', 'vlog', 'data scientist', 'data science 2020', 'how to go from data analyst to data scientist', 'data analyst', 'data science career', 'data analyst vs data scientist', 'data science career path', 'data analyst jobs']",UC7cs8q-gJRlGwj4A8OmCmXg,748
bHssBHfHWmU,Laptops for Data Analysts |  Specifications + Recommendations,2021-03-30T11:00:18Z,205053,4304,334,"['Data Analyst', 'Data Analyst job', 'Data Analyst Career', 'Data Analytics', 'Alex The Analyst', 'data analyst laptop', 'data science laptop', 'data analysis laptop', 'data scientist laptop', 'laptop for data analyst', 'laptop for data analysts', 'laptop for data scientists', 'laptops for data analysis', 'laptops for data science', 'best laptops for data analysis', 'best laptops for data analysts', 'best laptops for data science', 'best laptops for data scientists', 'best laptop', 'laptops for python']",UC7cs8q-gJRlGwj4A8OmCmXg,930
A4OVjWeVb10,Best Machine Learning Courses on Coursera,2021-03-23T11:00:02Z,63942,1877,83,"['Data Analyst', 'Data Analyst job', 'Data Analyst Career', 'Data Analytics', 'Alex The Analyst', 'machine learning', 'coursera machine learning', 'machine learning coursera', 'machine learning courses', 'best machine learning courses', 'best machine learning courses on coursera', 'coursera best machine learning courses', 'coursera best machine learning', 'best ml courses', 'ml courses']",UC7cs8q-gJRlGwj4A8OmCmXg,399
SIseim20_Dc,Will Data Analysts Be Automated? | Alex The Analyst | Episode 18,2021-03-18T11:00:08Z,16527,484,118,"['Data Analyst', 'Data Analyst job', 'Data Analyst Career', 'Data Analytics', 'Alex The Analyst', 'Will Data Analysts', 'will data analysts be automated', 'data analyst automation', 'automation in data analysis', 'automation of data analysts', 'data analysis automation', 'will data analysis be automated']",UC7cs8q-gJRlGwj4A8OmCmXg,1687
NrBJmtD0kEw,Advanced SQL Tutorial | Stored Procedures + Use Cases,2021-03-16T11:00:07Z,507210,8568,204,"['Data Analyst', 'Data Analyst job', 'Data Analyst Career', 'Data Analytics', 'Alex The Analyst', 'stored procedures', 'sql stored procedures', 'stored procedures sql', 'how to use a stored procedure', 'what is a stored procedure', 'stored proc sql', 'stored proc', 'sql stored proc']",UC7cs8q-gJRlGwj4A8OmCmXg,375
wnapnTAMj68,Google Data Analytics Professional Certificate | It's Finally Here!,2021-03-12T12:00:17Z,372526,11211,1162,"['Data Analyst', 'Data Analyst job', 'Data Analyst Career', 'Data Analytics', 'Alex The Analyst', 'google data analyst', 'google data analyst certificate', 'google data analyst certification', 'google data', 'data analyst google', 'google certification', 'google certificate', 'google certificate data', 'google certificate data analyst', 'google certification programs', 'google data analyst course', 'google data analytics certification', 'google data analytics certificate', 'google data analytics course']",UC7cs8q-gJRlGwj4A8OmCmXg,874
duMcYRtQITA,Google Data Analytics Certificate | Coming Out Soon!,2021-03-04T12:15:01Z,51826,2353,314,"['Data Analyst', 'Data Analyst job', 'Data Analyst Career', 'Data Analytics', 'Alex The Analyst', 'google data analyst', 'google data analyst certificate', 'google data analyst certification', 'google data', 'data analyst google', 'google certification', 'google certificate', 'google certificate data', 'google certificate data analyst', 'google certification programs', 'google data analyst course', 'google data analytics certification', 'google data analytics certificate', 'google data analytics course']",UC7cs8q-gJRlGwj4A8OmCmXg,464
QG1fo7LFesA,Reviewing Your Data Analyst Resumes | Part 2,2021-03-02T12:00:08Z,25290,592,76,"['Data Analyst', 'Data Analyst job', 'Data Analyst Career', 'Data Analytics', 'Alex The Analyst', 'How to become a data analyst', 'data analyst resume', 'data analyst resume tips', 'how to create a data analyst resume', 'data science resume', 'data science resume tips', 'data analyst resumes', 'resume', 'resume for data analyst']",UC7cs8q-gJRlGwj4A8OmCmXg,2436
pYRG5X7110M,Best Course to Learn Statistics for Data Analysis,2021-02-25T12:00:13Z,129933,3129,93,"['Data Analyst', 'Data Analyst job', 'Data Analyst Career', 'Data Analytics', 'Alex The Analyst', 'statistics course', 'data analysis statistics', 'do I need to know statistics', 'statistics for data science', 'statistics for data analysis', 'statistics', 'statistics for data analytics', 'statistics course for data', 'best statistics course']",UC7cs8q-gJRlGwj4A8OmCmXg,372
NViKsiGP4TY,DataQuest Review | Is it Worth it?,2021-02-23T12:00:19Z,25852,432,46,"['Data Analyst', 'Data Analyst job', 'Data Analyst Career', 'Data Analytics', 'Alex The Analyst', 'dataquest', 'dataquest review', 'dataquest vs datacamp', 'data quest 2021', 'dataquest 2020', 'dataquest review 2020', 'dataquest review 2021', 'dataquest for free', 'dataquest for python', 'dataquest for data analysis']",UC7cs8q-gJRlGwj4A8OmCmXg,1040
1gdKC5O0Pwc,R vs Python | Which is Better for Data Analysis?,2021-02-16T12:00:00Z,241385,5265,420,"['Data Analyst', 'Data Analyst job', 'Data Analyst Career', 'Data Analytics', 'Alex The Analyst', 'r vs python', 'python vs r', 'r for data analysis', 'r for data science', 'python for data analysis', 'python for data science']",UC7cs8q-gJRlGwj4A8OmCmXg,711
GQj6_6V_jVA,Advanced SQL Tutorial | String Functions + Use Cases,2021-02-04T12:00:04Z,192422,4648,156,"['Data Analyst', 'Data Analyst job', 'Data Analyst Career', 'Data Analytics', 'Alex The Analyst', 'string functions', 'sql string functions', 'string functions in SQL']",UC7cs8q-gJRlGwj4A8OmCmXg,829
RF0LE3hYFrI,Advanced SQL Tutorial | Temp Tables,2021-02-02T12:00:13Z,279117,5961,148,"['Data Analyst', 'Data Analyst job', 'Data Analyst Career', 'Data Analytics', 'Alex The Analyst', 'temp tables', 'temp tables sql', 'temporary tables sql', 'sql temp', 'sql temp tables', 'how to use temp tables', 'how to use temp tables in sql']",UC7cs8q-gJRlGwj4A8OmCmXg,619
8o-O6pR6yAE,IBM Data Analyst Certificate Study Session,2021-01-30T15:33:41Z,5340,174,22,"['Data Analyst', 'Data Analyst job', 'Data Analyst Career', 'Data Analytics', 'Alex The Analyst', 'ibm data analyst certificate', 'coursera ibm data analyst', 'coursera']",UC7cs8q-gJRlGwj4A8OmCmXg,4910
eFDbE5Yunj0,IBM Data Analyst Professional Certificate by Coursera | Is it Worth it?,2021-01-26T12:00:22Z,136277,3314,309,"['Data Analyst', 'Data Analyst job', 'Data Analyst Career', 'Data Analytics', 'Alex The Analyst', 'ibm data analyst', 'icm data analyst coursera', 'ibm data analyst certificate', 'ibm data analyst professional certificate', 'ibm certificate', 'ibm data science', 'ibm data science professional certificate', 'ibm data science certificate', 'coursera courses', 'is the ibm data analyst certificate worth it', 'ibm data analyst certificate review', 'ibm data science certificate review', 'ibm data analyst review']",UC7cs8q-gJRlGwj4A8OmCmXg,446
D9bNctNnAig,DataCamp Review | Is it Worth it?,2021-01-21T12:00:03Z,211996,4277,273,"['Data Analyst', 'Data Analyst job', 'Data Analyst Career', 'Data Analytics', 'Alex The Analyst', 'Datacamp', 'Datacamp review', 'is data camp worth it', 'datacamp for r', 'datacamp for python', 'datacamp for sql', 'datacamp for data analysts', 'data camp for data scientists', 'datacamp for data scientists', 'datacamp for beginners', 'datacamp python for beginners']",UC7cs8q-gJRlGwj4A8OmCmXg,975
VsztBAEtC7c,Best Python Course for Data Analysts,2021-01-19T12:00:09Z,56647,1386,119,"['Data Analyst', 'Data Analytics', 'Alex The Analyst', 'Best Python Course for Data Analysts', 'best python course', 'best data analyst course', 'best data science course', 'best data analyst courses', 'best data science courses', 'best courses for data analysts', 'best courses for data scientists', 'courses for python', 'Udemy courses for data science', 'udemy courses for data analysts', 'python course on pandas', 'python course on numpy', 'python course on machine learning', 'Python course']",UC7cs8q-gJRlGwj4A8OmCmXg,518
T3KMZoXrVTQ,Top 5 Data Analyst Skills,2021-01-12T12:00:07Z,35060,1414,170,"['Data Analyst', 'Data Analyst job', 'Data Analyst Career', 'Data Analytics', 'Alex The Analyst', 'alex the analyst', 'best data analyst skills', 'top data analyst skills', 'data analyst skills', 'top 5 data analyst skills', 'skill for data analysts', 'skills for data analysts', 'data analyst skill set', 'data analyst skills in 2021', 'best data analyst skills in 2021', 'data analyst skills required', 'data analyst skills needed', 'skills needed to become a data analyst', 'skills to become data analyst']",UC7cs8q-gJRlGwj4A8OmCmXg,351
tJaDicmRW7s,Best Industries for Data Analysts in 2021 | Alex The Analyst Show | Episode 17,2021-01-07T12:00:28Z,15571,501,146,"['Data Analyst', 'Data Analyst job', 'Data Analyst Career', 'Data Analytics', 'Alex The Analyst', 'data analyst industries', 'data science industries', 'best data analyst industries', 'best data science industries', 'data industries', 'best data industries']",UC7cs8q-gJRlGwj4A8OmCmXg,1665
hfRcaRw_atI,Top 5 Data Analyst Interview Mistakes,2021-01-05T12:00:10Z,107455,2643,73,"['Data Analyst', 'Data Analyst job', 'Data Analyst Career', 'Data Analytics', 'Alex The Analyst', 'Data Analyst Interview', 'Data Analyst Interviews', 'Data Analyst Interview Mistakes', 'top interview mistakes', 'Interview Mistakes', 'Data Analyst interview questions', 'data analyst interview preparation']",UC7cs8q-gJRlGwj4A8OmCmXg,328
aPDOGxrONy0,2020 Year End Review + Upcoming Giveaway Details,2020-12-31T12:00:01Z,1586,140,101,"['Data Analyst', 'How to become a data analyst', 'Data Analyst job', 'Data Analyst Career', 'Data Analytics', 'Alex the analyst', 'year end review', '2020 year end review', 'Alex The Analyst Giveaway']",UC7cs8q-gJRlGwj4A8OmCmXg,217
w25ZjL0OqT4,Data Analyst Resume | Everything You Need to Know | Alex The Analyst Show | Episode 16,2020-12-24T12:00:19Z,42431,1213,137,"['Data Analyst', 'How to become a data analyst', 'Data Analyst job', 'Data Analyst Career', 'Data Analytics', 'data analyst resume', 'data analyst resume tips', 'how to create a data analyst resume', 'data science resume', 'data science resume tips', 'data analyst resumes']",UC7cs8q-gJRlGwj4A8OmCmXg,3086
EWPeAXrF3zg,Solving Medium Level SQL LeetCode Questions | Part 2/3,2020-12-22T12:00:04Z,12241,252,33,"['Data Analyst', 'How to become a data analyst', 'Data Analyst job', 'Data Analyst Career', 'Data Analytics', 'Leetcode for data analysts', 'Leetcode for data analyst', 'Leetcode for Data Scientist', 'LeetCode for Data Science', 'Leetcode for interviews', 'Leetcode for interview prep', 'SQL Leetcode', 'Leetcode for SQL', 'Database leetcode questions', 'SQL Leetcode questions', 'SQL Leetcode problems', 'Solving Leetcode problems', 'Solving leetcode questions sql', 'leetcode medium', 'medium level leetcode']",UC7cs8q-gJRlGwj4A8OmCmXg,1286
ru0Xdvxd37Q,Entry vs Mid vs Senior Level Data Analyst | Alex The Analyst Show | Episode 15,2020-12-17T12:00:12Z,47548,1560,207,"['Data Analyst', 'How to become a data analyst', 'Data Analyst job', 'Data Analyst Career', 'Data Analytics', 'entry level vs senior level', 'entry level data analyst vs mid level data analyst', 'entry vs mid level', 'entry level data analyst', 'entry vs mid vs senior level', 'entry vs mid vs senior level data analyst', 'mid level data analyst', 'senior level data analyst', 'junior vs mid vs senior analyst', 'junior vs mid vs senior level data analyst', 'levels of being a data analyst']",UC7cs8q-gJRlGwj4A8OmCmXg,1600
BAVPAYWAoC4,Data Engineer vs Data Analyst | Which Is Right For You?,2020-12-15T12:00:08Z,87413,2834,147,"['Data Analyst', 'How to become a data analyst', 'Data Analyst job', 'Data Analyst Career', 'Data Analytics', 'data engineer', 'data engineer job description', 'data engineer salary', 'data engineer skills', 'data engineer vs data analyst', 'data analyst vs data engineer', 'data analyst salary', 'data analyst job description', 'data analyst skills', 'data engineer vs', 'data analyst vs']",UC7cs8q-gJRlGwj4A8OmCmXg,399
whgwEwA5SHU,How to Find Out Your Coworkers Salary | Alex The Analyst Show | Episode 14,2020-12-10T12:00:30Z,3175,98,56,"['Data Analyst', 'How to become a data analyst', 'Data Analyst job', 'Data Analyst Career', 'Data Analytics', 'how to find out your coworkers salary', 'coworkers salary', 'why you should tell your coworkers your salary', 'find out coworkers salary', 'how much do your peers make', 'peers salary']",UC7cs8q-gJRlGwj4A8OmCmXg,1571
K1WeoKxLZ5o,Advanced SQL Tutorial | CTE (Common Table Expression),2020-12-08T12:00:05Z,417577,6450,198,"['Data Analyst', 'How to become a data analyst', 'Data Analyst job', 'Data Analyst Career', 'Data Analytics', 'SQL Tutorial', 'Advanced SQL Tutorial', 'CTE SQL', 'CTE SQL Server', 'CTE Tutorial', 'How to use a CTE', 'How to use a CTE in SQL', 'CTE in SQL', 'What is a CTE']",UC7cs8q-gJRlGwj4A8OmCmXg,224
0HRgbb1PcDQ,"Data Analyst Salary (Expectations, Bonuses, 401K, ESPP) | Alex The Analyst Show | Episode 13",2020-12-03T12:00:00Z,23348,739,190,"['Data Analyst', 'How to become a data analyst', 'Data Analyst job', 'Data Analyst Career', 'Data Analytics', 'Data Analyst Salary', 'How much does a data analyst make', 'Salary for data analyst', 'Salary for data scientist', 'data science salary', 'data scientist salary']",UC7cs8q-gJRlGwj4A8OmCmXg,1628
D6XNlTfglW4,Intermediate SQL Tutorial | Partition By,2020-12-01T12:04:43Z,315134,6986,204,"['Data Analyst', 'How to become a data analyst', 'Data Analyst job', 'Data Analyst Career', 'Data Analytics', 'Partition by', 'Partition by sql', 'SQL Partitions', 'SQL Partition by', 'Partitions sql']",UC7cs8q-gJRlGwj4A8OmCmXg,254
MQ5UUNjWgug,Data Analyst Q/A LIVE #5 | AMA,2020-11-28T17:07:30Z,4920,131,18,"['Data Analyst', 'How to become a data analyst', 'Data Analyst job', 'Data Analyst Career', 'Data Analytics', 'data analyst ama', 'data analyst q/a', 'questions for data analyst', 'questions for data analysis', 'data analyst job', 'data analyst position', 'data analyst day in the life', 'data science', 'data scientist', 'data analyst projects']",UC7cs8q-gJRlGwj4A8OmCmXg,5371
JikLVP9DkPs,Completely REALISTIC Jobs on LinkedIn | Alex The Analyst Show | Episode 12,2020-11-25T11:00:05Z,24943,886,162,"['Data Analyst', 'How to become a data analyst', 'Data Analyst job', 'Data Analyst Career', 'Data Analytics', 'realistic jobs on linkedin', 'data analyst jobs', 'data analyst career', 'data analyst jobs on linkedin', 'data science jobs', 'data scientist jobs', 'data analytics jobs']",UC7cs8q-gJRlGwj4A8OmCmXg,1603
yzqpYs7dIqY,Completely Unrealistic Jobs on LinkedIn | Alex The Analyst Show | Episode 11,2020-11-19T15:00:26Z,14721,572,207,"['Data Analyst', 'How to become a data analyst', 'Data Analyst job', 'Data Analyst Career', 'Data Analytics', 'bad jobs on linkedin', 'data analyst jobs on linkedin', 'Unrealistic jobs on linkedin', '5 years experience for entry level job', 'Crazy jobs on linkedin']",UC7cs8q-gJRlGwj4A8OmCmXg,1329
7uH7_DThtX0,Top 3 Tips on Using LinkedIn to Land a Job,2020-11-17T14:11:52Z,357152,12440,254,"['Data Analyst', 'How to become a data analyst', 'Data Analyst job', 'Data Analyst Career', 'Data Analytics', 'Linkedin for jobs', 'How to use linkedin to find a job', 'Linkedin for data analysts', 'best way to use linkedin to land a job', 'Finding a job through linkedin', 'how to use linkedin to land a job', 'Linkedin for job seekers', 'Linkedin for job hunting', 'best way to use linkedin to find a job', 'finding a job on linkedin', 'using linkedin to land a job', 'data science jobs', 'data analyst jobs']",UC7cs8q-gJRlGwj4A8OmCmXg,410
GGLF2jLo8J4,What is No Code Analytics? | Alex The Analyst Show | Episode 10,2020-11-12T12:34:08Z,3951,122,81,"['Data Analyst', 'How to become a data analyst', 'Data Analyst job', 'Data Analyst Career', 'Data Analytics', 'No Code Analytics', 'Alex The Analyst', 'what is no code analytics', 'Bubble', 'No code analytics for data analyst', 'No code', 'No code platform', 'Should I learn no code analytics']",UC7cs8q-gJRlGwj4A8OmCmXg,1355
BGBXnNvWdQ4,Solving LeetCode SQL Interview Questions | Part 1/3,2020-11-10T15:02:50Z,27987,709,66,"['Data Analyst', 'How to become a data analyst', 'Data Analyst job', 'Data Analyst Career', 'Data Analytics', 'Leetcode', 'Leetcode for data analysts', 'Leetcode for data analyst', 'Leetcode for Data Scientist', 'LeetCode for Data Science', 'Leetcode for interviews', 'Leetcode for interview questions', 'Leetcode for interview prep', 'SQL Leetcode', 'Leetcode for SQL', 'Database leetcode questions', 'SQL Leetcode questions', 'SQL Leetcode problems', 'Solving Leetcode problems', 'Solving leetcode questions sql']",UC7cs8q-gJRlGwj4A8OmCmXg,1633
PurMLMKNX0I,What is Analytics Consulting? With John Ariansen | Alex The Analyst Show | Episode 9,2020-11-05T15:43:17Z,14039,398,118,"['Data Analyst', 'How to become a data analyst', 'Data Analyst job', 'Data Analyst Career', 'Data Analytics', 'Analytics Consulting', 'John Ariansen', 'How to get an analytics job', 'Free Lance Analytics', 'Freelance data Analytics', 'Freelance consulting', 'Data Analytics Consulting', 'Running an analytics company', 'Starting an Analytics Company']",UC7cs8q-gJRlGwj4A8OmCmXg,3236
pvxNYyJuiqA,Data Analyst Skills Path | What Skills You NEED to Know,2020-11-03T15:13:12Z,78116,3603,269,"['Data Analyst', 'How to become a data analyst', 'Data Analyst job', 'Data Analyst Career', 'Data Analytics', 'Data Analyst Skills Path', 'Data Analyst Skills', 'Top Data Analyst Skills', 'Best Data Analyst Skills', 'Skills needed to become an analyst', 'Skills to become a data analyst', 'Skills needed to become a data analyst', 'top skills for an analyst', 'Data Analyst Skillset', 'Most important data analyst skills']",UC7cs8q-gJRlGwj4A8OmCmXg,286
rZpfNh28nFI,Data Analyst Q&A LIVE #4,2020-10-30T15:13:53Z,3577,104,25,"['Data Analyst', 'How to become a data analyst', 'Data Analyst job', 'Data Analyst Career', 'Data Analytics']",UC7cs8q-gJRlGwj4A8OmCmXg,4151
brxnKIy6Cek,Asking My Wife Your Questions About Me | Alex The Analyst Show | Episode 8,2020-10-27T16:06:53Z,14592,564,223,"['Data Analyst', 'How to become a data analyst', 'Data Analyst job', 'Data Analyst Career', 'Data Analytics', 'Alex The Analyst', 'Alex the analyst wife', 'Wife of alex the analyst', 'relationships in tech', 'data analyst work life balance', 'data analyst stress level', 'can data analysts get married']",UC7cs8q-gJRlGwj4A8OmCmXg,1775
ySq0cgkZiX4,Top 10 Udemy Courses for Data Analysts,2020-10-22T15:14:21Z,201032,5248,304,"['Data Analyst', 'How to become a data analyst', 'Data Analyst job', 'Data Analyst Career', 'Data Analytics', 'Udemy Courses', 'Udemy courses for data analyst', 'Udemy courses for Data Scientist', 'Udemy courses for data', 'Data analyst courses', 'Data scientist courses', 'Udemy courses for SQL', 'Udemy courses for excel', 'Udemy courses for free', 'Udemy courses for data analysis', 'Udemy courses for Python']",UC7cs8q-gJRlGwj4A8OmCmXg,657
aJ9Q10v8Nrc,Data Analyst Certifications | Are They Worth It? | Alex The Analyst Show | Episode 7,2020-10-20T14:08:32Z,180434,6207,985,"['Data Analyst', 'How to become a data analyst', 'Data Analyst job', 'Data Analyst Career', 'Data Analytics', 'Certifications', 'Data Analyst Certification', 'Alex The Analyst', 'Certifications for data analysts', 'Data Science Certifications', 'Certifications for Data Scientists', 'Microsoft Certification', 'Tableau Certification', 'AWS Certification', 'Azure Certification', 'Coursera Certification', 'Data Scientist Certification', 'Udemy Certification', 'Tableau Certifications', 'Data Analyst Certifications']",UC7cs8q-gJRlGwj4A8OmCmXg,1997
C2ik_qR5GOU,Working at a Startup vs Fortune 500 Company | Alex The Analyst Show | Episode 6,2020-10-15T15:33:32Z,4897,182,74,"['Data Analyst', 'How to become a data analyst', 'Data Analyst job', 'Data Analyst Career', 'Data Analytics', 'working at a startup', 'Data analyst at startup', 'data analyst fortune 500', 'startup vs big company', 'startup vs fortune 500 company', 'small vs big company', 'working at a small vs big company', 'working at a fortune 500 company']",UC7cs8q-gJRlGwj4A8OmCmXg,1762
mLUzFXPPa4I,Top 10 Coursera Courses for Data Analysts,2020-10-13T14:40:18Z,116859,4951,289,"['Data Analyst', 'How to become a data analyst', 'Data Analyst job', 'Data Analyst Career', 'Data Analytics', 'Coursera', 'Coursera Courses', 'Coursera Courses for Data Analysts', 'Coursera Courses for Data Scientists', 'Coursera courses for data analysis', 'Coursera courses for data science', 'Best Data analyst courses', 'Best data science courses', 'best online courses for data analysts', 'best online courses for data scientists', 'data analyst coursera', 'data scientist coursera', 'coursera for data science']",UC7cs8q-gJRlGwj4A8OmCmXg,633
XmFhpoS6Etk,Imposter Syndrome in Tech | Alex The Analyst Show | Episode 5,2020-10-08T14:26:27Z,7668,376,176,"['Data Analyst', 'How to become a data analyst', 'Data Analyst job', 'Data Analyst Career', 'Data Analytics', 'Imposter Syndrome', 'Imposter Syndrome in Tech', 'feeling like an imposter at work', 'Data Analyst Imposter Syndrome', 'Data Science Imposter Syndrome', 'Data Scientist Imposter Syndrome']",UC7cs8q-gJRlGwj4A8OmCmXg,1556
1xT68oeQTd0,Data Analyst Expectations vs Reality,2020-10-06T14:52:33Z,76011,2794,187,"['Data Analyst', 'How to become a data analyst', 'Data Analyst job', 'Data Analyst Career', 'Data Analytics', 'Expectation vs reality', 'Expectation vs reality Data Analyst', 'Data Analyst reality', 'Data Analyst Expectations', 'Data Analyst expectation vs reality', 'Data Scientist expectation vs reality', 'Data Scientist reality', 'data analyst expectations vs reality', 'Data scientist expectations vs reality']",UC7cs8q-gJRlGwj4A8OmCmXg,236
eTsHJoMmhYQ,Covid and the Data Analyst Job Market | Alex The Analyst Show | Episode 4,2020-10-01T13:53:17Z,7421,255,161,"['Data Analyst', 'How to become a data analyst', 'Data Analyst job', 'Data Analyst Career', 'Data Analytics', 'Covid', 'data analyst job market', 'data analyst covid', 'data analyst coronavirus', 'how covid affects tech', 'covid and the job market', 'job market for data analysts']",UC7cs8q-gJRlGwj4A8OmCmXg,1566
8SolrjsGqzE,Self Taught vs Boot Camp vs Degree | Alex The Analyst Show | Episode 3,2020-09-24T15:29:17Z,45975,1523,717,"['Data Analyst', 'How to become a data analyst', 'Data Analyst job', 'Data Analyst Career', 'Data Analytics', 'boot camp', 'data analyst boot camp', 'data analyst bootcamp', 'bootcamp vs degree', 'self taught vs boot camp', 'self taught data analyst', 'self taught vs degree', 'degree for data analyst', 'degrees for data analyst', 'should data analysts do bootcamps', 'best degree for data analyst', 'self taught vs boot camp vs degree', 'self taught vs bootcamp vs college']",UC7cs8q-gJRlGwj4A8OmCmXg,1680
SKsjWzzz4mY,Top 5 Reasons You'll Be a Good Data Analyst,2020-09-22T13:03:29Z,14938,618,82,"['Data Analyst', 'How to become a data analyst', 'Data Analyst job', 'Data Analyst Career', 'Data Analytics', ""reason you'll be a good data analyst"", 'will I be a good data analyst', 'should I become a data analyst', 'should I be an analyst', 'reasons you should become an analyst', 'reasons you should become a data analyst', 'reasons I should become a data analyst', 'Reason to become an analyst', 'Reason to become a data analyst', 'is data analtyics for me', 'is data analytics right for me']",UC7cs8q-gJRlGwj4A8OmCmXg,224
Z2AachB309o,How I Changed Careers to Become a Data Analyst | Alex The Analyst Show | Episode 2,2020-09-10T13:16:00Z,418653,12164,3814,"['Data Analyst', 'How to become a data analyst', 'Data Analyst job', 'Data Analyst Career', 'Data Analytics', 'Data Analyst with no experience', 'Switching Careers to Become a Data Analyst', 'How I became a Data Analyst', 'Switch Careers to Data Analyst', 'How to Become Data Analyst from Different Job', 'Entry Level Data Analyst', 'Career Change to Data Analyst', 'how to switch careers to become a data analyst', 'changing careers to data analyst', 'data analyst career change', 'becoming a data analyst']",UC7cs8q-gJRlGwj4A8OmCmXg,2454
_gP-DH0iZLw,Top 5 Reasons Data Analytics is a Good Career Choice,2020-09-08T14:15:55Z,44828,1316,73,"['Data Analyst', 'How to become a data analyst', 'Data Analyst job', 'Data Analyst Career', 'Data Analytics', 'Data analyst career', 'Data Analytics career', 'Reason why data analytics is a good career choice', 'is data analyst a good career', 'is data analytics for me', 'is data analytics a good career', 'Data Analytics job', 'Reasons why data analyst is a good career', 'Data analyst is a good career', 'is being a data analyst a good career', 'is data analyst right for me', 'is data analyst a good job']",UC7cs8q-gJRlGwj4A8OmCmXg,173
-Inc1be4zSg,The Hiring Process from an Interviewer's Perspective | Alex The Analyst Show | Episode 1,2020-09-03T15:38:28Z,22717,716,85,"['Data Analyst', 'How to become a data analyst', 'Data Analyst job', 'Data Analyst Career', 'Data Analytics', 'Hiring Process', 'Hiring Process from interviewers perspective', 'The complete Hiring process', 'what is the hiring process', 'Interviewer', 'Interviewing']",UC7cs8q-gJRlGwj4A8OmCmXg,1624
CsMh7Ykmnw4,Top 5 Reasons Not to Lie on Your Resume,2020-09-01T12:29:45Z,12623,211,119,"['Data Analyst', 'How to become a data analyst', 'Data Analyst job', 'Data Analyst Career', 'Data Analytics', 'lying on your resume', 'reasons to lie on a resume', 'reasons not to lie on a resume', 'reasons to lie on my resume', 'should I lie on my resume', 'Should I lie on a resume', 'Data Analyst jobs', 'Data Analyst resume', 'Resumes for Data Analysts', 'Lie on resume']",UC7cs8q-gJRlGwj4A8OmCmXg,237
ho2vzKPAD50,Live Data Analyst Q&A #3,2020-08-29T14:37:52Z,3157,101,43,[],UC7cs8q-gJRlGwj4A8OmCmXg,3738
5MZo2RoS8Yo,Data Analyst Career Path | How to Become a Data Analyst + What to Do Next,2020-08-20T13:46:16Z,131977,4658,270,"['Data Analyst', 'How to become a data analyst', 'Data Analyst job', 'Data Analyst Career', 'Data Analytics', 'data analyst career path', 'career path', 'data science career path', 'path to be come data analyst', 'path to become a data analyst', 'career path for data analyst', 'Data Analyst Project', 'Data Analyst Projects', 'Data Analyst Skills']",UC7cs8q-gJRlGwj4A8OmCmXg,522
M2ySRYpo9S0,Top 5 Reasons Not to Become a Data Analyst,2020-08-12T14:52:19Z,928058,19735,1046,"['Data Analyst', 'How to become a data analyst', 'Data Analyst job', 'Data Analyst Career', 'Data Analytics', 'reasons not to become a data analyst', 'do not become a data analyst', 'top 5 reasons not to become a data analyst', 'reasons to not become a data analyst', 'should I become a data analyst']",UC7cs8q-gJRlGwj4A8OmCmXg,318
ncXgqGePvwI,Data Analyst Bootcamps | Are They Worth It?,2020-08-05T13:14:01Z,35445,581,93,"['Data Analyst', 'How to become a data analyst', 'Data Analyst job', 'Data Analyst Career', 'Data Analytics', 'Data analyst bootcamps', 'bootcamps for data analysts', 'Data science bootcamps', 'Are bootcamps worth it', 'Should I do a bootcamp', 'Should I do a data analyst bootcamp']",UC7cs8q-gJRlGwj4A8OmCmXg,346
ywZXpfdqg1o,What Does a Data Analyst Actually Do?,2020-07-29T13:48:00Z,1074993,20580,516,"['Data Analyst', 'How to become a data analyst', 'Data Analyst job', 'Data Analyst Career', 'Data Analytics', 'Data Analyst with no experience', 'what does a data analyst do', 'what do data analysts actually do', 'what do data analysts do', 'what does a data analyst actually do', 'data analyst job description', 'data analyst skills', 'data analyst qualifications', 'data analyst salary', 'data analyst overview', 'What a data analyst does', 'Data Analyst Cleaning data', 'Data Analyst visualization']",UC7cs8q-gJRlGwj4A8OmCmXg,258
IqQCBytyATo,Data Analyst Question and Answer | Answering Your YouTube Questions,2020-07-22T14:35:55Z,5059,180,67,"['Data Analyst', 'How to become a data analyst', 'Data Analyst job', 'Data Analyst Career', 'Data Analytics', 'Data Analyst with no experience', 'Data analyst with no degree', 'Data Analyst questions', 'Data Analyst coaching', 'Data Analyst q and a', 'Data Analyst Q&A', 'Data Analyst Question and Answer']",UC7cs8q-gJRlGwj4A8OmCmXg,349
MpIi4HtCiVk,Scraping Data Off Twitter Using Python | Twitterscraper + NLP + Data Visualization,2020-07-15T14:00:20Z,55561,1388,159,"['Data Analyst', 'How to become a data analyst', 'Twitterscraper', 'scraping data from websites using python', 'Web scraping python', 'Scraping data off twitter', 'Twitter python', 'Python project for data analysts', 'Web Scraping Python', 'Data Analyst web scraping', 'Data Analyst NLP', 'Web Scraping for data analysts', 'how to scrape data from twitter using python', 'how to scrape data from twitter', 'twitterscraper', 'twitterscraper python', 'twitterscraper tutorial', 'Data Analyst data visualization']",UC7cs8q-gJRlGwj4A8OmCmXg,402
G4syHs3M82E,Data Analyst vs Business Analyst | Which Is Right For You?,2020-07-03T14:17:52Z,798877,19986,595,"['Data Analyst', 'How to become a data analyst', 'Data Analyst job', 'Data Analyst Career', 'Data Analytics', 'Data Analyst Job Description', 'Data Analyst Salary', 'Data Analyst skills', 'data analyst for freshers', 'business analyst job description', 'business analyst', 'business analyst salary', 'business analyst career', 'business analyst vs data analyst', 'data analyst vs business analyst', 'business analyst for beginners', 'business analyst qualifications']",UC7cs8q-gJRlGwj4A8OmCmXg,280
appOFpF2pFg,Best Free Online Courses for Data Analysts,2020-06-23T13:55:50Z,58227,2753,95,"['Data Analyst', 'Data Analytics', 'Data Analyst with no experience', 'Data Analyst Courses', 'Courses for data analysts', 'Best data analyst courses', 'best courses for data analysts', 'Data Science Courses', 'Courses for Data Scientists', 'Python courses for data analysts', 'SQL courses for data analysts', 'udemy courses for data analysts', 'best online courses for data analysts', 'free data analyst courses', 'best data analyst courses', 'best free data analyst courses', 'courses for data analysts']",UC7cs8q-gJRlGwj4A8OmCmXg,299
B2SPC3Wz1R8,Best Online Courses for Data Analysts,2020-06-17T14:57:22Z,189586,9600,425,"['Data Analyst', 'How to become a data analyst', 'Data Analyst job', 'Data Analyst Career', 'Data Analytics', 'Data Analyst with no experience', 'Data Analyst Courses', 'Courses for data analysts', 'Best data analyst courses', 'best courses for data analysts', 'Data Science Courses', 'Courses for Data Scientists', 'Python courses for data analysts', 'SQL courses for data analysts', 'udemy courses for data analysts', 'Coursera courses for data analysts', 'best online courses for data analysts']",UC7cs8q-gJRlGwj4A8OmCmXg,525
fUpChfNN5Uo,Data Scientist vs Data Analyst | Which Is Right For You?,2020-06-10T15:49:15Z,797937,24384,862,"['Data Analyst', 'How to become a data analyst', 'Data Analyst job', 'Data Analyst Career', 'Data Analytics', 'Data Scientist', 'Data scientist vs data analyst', 'data analyst vs data scientist', 'data scientist job', 'data scientist salary', 'Data scientist job description', 'Data Analyst Job Description', 'Data Analyst Salary', 'Data Analyst skills', 'data scientist career', 'Data scientist or data analyst', 'data analyst or data scientist', 'data analyst for freshers', 'data scientist for freshers']",UC7cs8q-gJRlGwj4A8OmCmXg,467
Dk7he_yEs4U,Intermediate SQL Tutorial | Aliasing,2020-06-04T14:00:10Z,157411,4112,105,"['Data Analyst', 'How to become a data analyst', 'Data Analyst job', 'Data Analyst Career', 'Data Analytics', 'Data analyst with no degree', 'SQL aliasing', 'Aliasing in SQL', 'Data analyst SQL']",UC7cs8q-gJRlGwj4A8OmCmXg,372
LJtFgnHGAos,Data Analyst Q&A LIVE,2020-05-31T13:54:38Z,12574,274,54,"['Data Analyst', 'Data Analyst Q&A', 'Data Analyst questions', 'Data Analyst Questions and Answers', 'Data Analyst live', 'Data Analyst live interview', 'Data Analyst Interview', 'Data Analyst Covid', 'Data Analyst Internship', 'Data Analyst coronavirus', 'Data Analyst Job', 'Data analyst career', 'Data Analyst for beginners']",UC7cs8q-gJRlGwj4A8OmCmXg,3105
ziurEoqEcO4,Data Analyst Interviews | Salary Negotiation,2020-05-27T15:13:50Z,28041,866,27,"['Data Analyst', 'How to become a data analyst', 'Data Analyst job', 'Data Analyst Career', 'Data Analytics', 'Data Analyst with no experience', 'Data analyst with no degree', 'Data Analyst Salary', 'Data Analyst Salary Negotation', 'Salary Negotiation', 'How to negotiate salary']",UC7cs8q-gJRlGwj4A8OmCmXg,337
rLKC--8UYSw,Data Analyst Interview Questions | What To Say vs What NOT To Say,2020-05-20T14:03:02Z,79718,1887,35,"['Data Analyst', 'How to become a data analyst', 'Data Analyst job', 'Data Analyst Career', 'Data Analytics', 'Data Analyst with no experience', 'Data analyst with no degree', 'Data Analyst Interview', 'data analyst interview questions and answers', 'Data Analyst Interview Questions', 'Data Analyst interview Questions for freshies', 'Data Analyst Interview Questions for Beginners', 'Data Analyst Interview Questions for beginners', 'Data Analyst Phone interview', 'Data Analyst In person interview']",UC7cs8q-gJRlGwj4A8OmCmXg,469
sua7xKN0cPc,SQL Interview Questions and Answers for Beginners | Data Analyst Interview Questions,2020-05-13T15:00:26Z,136469,3455,112,"['Data Analyst', 'How to become a data analyst', 'Data Analyst job', 'Data Analyst Career', 'Data Analytics', 'SQL interview questions', 'SQL for data analysts', 'SQL technical questions', 'SQL technical interview questions', 'SQL interview questions and answers', 'SQL', 'SQL questions and answers', 'SQL Interview Questions', 'SQL questions for data analyst', 'SQL questions for data analysts', 'sql questions and answers for data analysts', 'SQL Interview', 'SQL Interview data analyst']",UC7cs8q-gJRlGwj4A8OmCmXg,482
fweZQqB0nwQ,Data Analyst Interview Questions | Phone + In-Person Interview Questions,2020-05-06T15:20:18Z,87679,1710,60,"['Data Analyst', 'How to become a data analyst', 'Data Analyst job', 'Data Analyst Career', 'Data Analytics', 'Data Analyst with no experience', 'Data analyst with no degree', 'Data Analyst Interview', 'data analyst interview questions and answers', 'Data Analyst Interview Questions', 'Data Analyst Interview Questions for Beginners', 'Data Analyst Interview Questions for beginners', 'Data Analyst Phone interview', 'Data Analyst In person interview', 'data analyst interview questions for freshers']",UC7cs8q-gJRlGwj4A8OmCmXg,464
oXAwKZWfbW0,Day in the Life of a Data Analyst | Fortune 500 Edition (During Quarantine),2020-04-23T13:08:33Z,15592,521,52,"['Day in the life', 'A Day in the Life', 'Day in the life of a data analyst', 'A Day in the life of a data analyst', 'What do data analysts do', 'Data analyst', 'Fortune 500 Data Analyst', 'What do data analysts do on a daily basis', 'life of a data analyst', 'data analyst day in the life', 'data scientist day in the life', 'Quarantine Edition', 'Data Analyst Quarantine', 'Quarantine', 'Working from Home', 'data analyst quarantine', 'Working from home data analyst', 'Data Analyst work life balance']",UC7cs8q-gJRlGwj4A8OmCmXg,415
bhnrIforc7s,Intermediate SQL Tutorial | Updating/Deleting Data,2020-04-16T12:58:52Z,160848,3546,142,"['Data Analyst', 'How to become a data analyst', 'Data Analyst job', 'Data Analyst Career', 'Data Analytics', 'Data Analyst with no experience', 'Data analyst with no degree', 'SQL Update', 'SQL Delete', 'SQL Update and Delete', 'Delete SQL', 'Update SQL', 'Update and Delete in SQL', 'SQL updating', 'SQL Delete data', 'Intermediate SQL tutorial', 'Intermediate SQL']",UC7cs8q-gJRlGwj4A8OmCmXg,277
tYBOMw7Ob8E,Intermediate SQL Tutorial | Having Clause,2020-04-09T16:01:02Z,196242,4958,92,"['Data Analyst', 'How to become a data analyst', 'Data Analyst job', 'Data Analyst Career', 'Data Analytics', 'Data Analyst with no experience', 'Data analyst with no degree', 'SQL Having', 'SQL Having statement', 'SQL Having clause', 'Having SQL', 'Having tutorial', 'SQL having tutorial', 'Having tutorial sql', 'Having in SQL', 'How to use Having in SQL', 'How to use having clause in sql', 'Intermediate sql', 'Intermediate SQL tutorial']",UC7cs8q-gJRlGwj4A8OmCmXg,211
Twusw__OzA8,Intermediate SQL Tutorial | Case Statement | Use Cases,2020-04-02T15:16:37Z,321835,7653,439,"['Data Analyst', 'How to become a data analyst', 'Data Analyst job', 'Data Analyst Career', 'Data Analytics', 'Data Analyst with no experience', 'Data analyst with no degree', 'SQL case statement', 'case statement sql', 'case statement in sql', 'how to use a case statement in sql', 'how to use a case statement', 'case statement', 'case statement for sql', 'case statement tutorial', 'tutorial for case statement', 'intermediate sql', 'intermediate sql tutorial']",UC7cs8q-gJRlGwj4A8OmCmXg,446
lYKkro6rKm0,Intermediate SQL Tutorial | Unions | Union Operator,2020-03-26T16:51:37Z,279422,5292,115,"['Data Analyst', 'How to become a data analyst', 'Data Analyst job', 'Data Analyst Career', 'Data Analytics', 'Data Analyst with no experience', 'Data analyst with no degree', 'SQL Union', 'How to use a Union', 'How to use a Union in SQL', 'Union in SQL', 'Union SQL', 'intermediate sql', 'intermediate sql tutorial']",UC7cs8q-gJRlGwj4A8OmCmXg,325
9URM1_2S0ho,Intermediate SQL Tutorial | Inner/Outer Joins | Use Cases,2020-03-19T15:40:58Z,577252,9492,477,"['Data Analyst', 'How to become a data analyst', 'Data Analyst job', 'Data Analyst Career', 'Data Analytics', 'Data Analyst with no experience', 'Data analyst with no degree', 'sql tutorial', 'intermediate sql turorial', 'sql join', 'sql joins tutorial', 'sql join tutorial', 'how to do joins in sql', 'intermediate sql', 'SQL for data analyst', 'sql for data analysts', 'advanced sql', 'sql for programmers']",UC7cs8q-gJRlGwj4A8OmCmXg,953
qzZU6LAtIig,Day in the Life of a Data Analyst | Fortune 500 Edition,2020-03-11T13:44:54Z,126809,2585,261,"['Day in the life', 'A Day in the Life', 'Day in the life of a data analyst', 'A Day in the life of a data analyst', 'A day in the life of a Fortune 500 Data Analyst', 'What do data analysts do', 'Data analyst', 'Data analyst job', 'Data analyst career', 'Fortune 500 Data Analyst', 'What do data analysts do on a daily basis', 'data analyst job description', 'life of a data analyst', 'data analyst day in the life', 'data scientist day in the life', 'a day in the life of a data analyst']",UC7cs8q-gJRlGwj4A8OmCmXg,260
LXwfzIRD-Ds,SQL Basics Tutorial For Beginners | Group By + Order By Statements | 4/4,2020-03-03T15:06:36Z,343381,8360,236,"['Data Analyst', 'How to become a data analyst', 'Data Analyst job', 'Data Analytics', 'SQL Basics', 'Basics of SQL', 'SQL for Beginners', 'SQL Basics for Beginners', 'SQL for Data Analysts', 'sql tutorial', 'sql tutorial for beginnners', 'sql for data analysts', 'sql for data analyst', 'sql beginner tutorial', 'SQL Server management studio', 'SQL Server Management studio tutorial', 'SQL Group by', 'SQL Order by', 'SQL Group by tutorial', 'SQL order by tutorial']",UC7cs8q-gJRlGwj4A8OmCmXg,489
A9TOuDZTPDU,SQL Basics Tutorial For Beginners | Where Statement | 3/4,2020-03-02T16:01:01Z,361772,6226,156,"['Data Analyst', 'How to become a data analyst', 'Data Analyst job', 'Data Analytics', 'SQL Basics', 'Basics of SQL', 'SQL for Beginners', 'SQL Basics for Beginners', 'SQL for Data Analysts', 'sql tutorial', 'sql tutorial for beginnners', 'sql for data analysts', 'sql for data analyst', 'sql beginner tutorial', 'SQL Server management studio', 'SQL Server Management studio tutorial', 'SQL Where statement', 'SQL where statement tutorial', 'SQL where']",UC7cs8q-gJRlGwj4A8OmCmXg,478
PyYgERKq25I,SQL Basics Tutorial For Beginners | Select + From Statements | 2/4,2020-03-01T17:02:28Z,528243,7529,305,"['Data Analyst', 'How to become a data analyst', 'Data Analyst job', 'Data Analytics', 'SQL Basics', 'Basics of SQL', 'SQL for Beginners', 'SQL Basics for Beginners', 'SQL for Data Analysts', 'sql tutorial', 'sql tutorial for beginnners', 'sql for data analysts', 'sql for data analyst', 'sql beginner tutorial', 'SQL Server management studio', 'SQL Server Management studio tutorial', 'SQL select statement', 'SQL from statement', 'SQL select statement tutorial', 'SQL from statement tutorial']",UC7cs8q-gJRlGwj4A8OmCmXg,374
RSlqWnP-Dy8,SQL Basics Tutorial For Beginners | Installing SQL Server Management Studio and Create Tables | 1/4,2020-03-01T00:50:38Z,1486658,18821,2057,"['Data Analyst', 'How to become a data analyst', 'Data Analyst job', 'Data Analytics', 'SQL Basics', 'Basics of SQL', 'SQL for Beginners', 'SQL Basics for Beginners', 'SQL for Data Analysts', 'sql tutorial', 'sql tutorial for beginnners', 'sql for data analysts', 'sql for data analyst', 'sql beginner tutorial', 'SQL Server management studio', 'SQL Server Management studio tutorial', 'SQL Create table', 'SQL Create table tutorial', 'SQL Insert into', 'SQL insert into tutorial', 'Sql basics for Data Analysts']",UC7cs8q-gJRlGwj4A8OmCmXg,577
9o9loJpG-t4,Data Analyst Fact Check |  84k Average Starting Salary?? | The Career Force 2020 Data Analyst Salary,2020-02-26T15:11:22Z,26097,853,162,"['Data Analyst', 'How to become a data analyst', 'Data Analyst job', 'Data Analyst Career', 'Data Analytics', 'Data Analyst Salary', 'Data Analyst Salary 2020', 'Data Analyst Fact Check', 'Data Analyst Fact Checking', 'The Career Force', 'Data Analyst The Career Force']",UC7cs8q-gJRlGwj4A8OmCmXg,454
Lacbh0VoT3g,Data Analyst Resume | Reviewing YOUR Data Analyst Resumes!,2020-02-24T16:34:51Z,27516,560,41,"['Data Analyst', 'How to become a data analyst', 'Data Analyst job', 'Data Analyst Career', 'Data Analytics', 'Data Analyst with no experience', 'Data analyst with no degree', 'Data Analyst Resume', 'Complete guide to Creating a Data Analyst Resume', 'Data Analyst Resume Tips', 'Data Analyst Resume Templates', 'Data Analyst Resume Examples', 'Data Analyst Resume Guide', 'Creating a Resume', 'Resume for Data Analyst', 'Resume for Data Analysts', 'Resume to become Data Analyst', 'Resume for Data Analytics', 'Resume']",UC7cs8q-gJRlGwj4A8OmCmXg,1070
oZKs2xMbXQE,Data Analyst Salary in 2020,2020-02-19T15:43:59Z,8324,159,26,"['Data Analyst', 'How to become a data analyst', 'Data Analyst job', 'Data Analyst Career', 'Data Analytics', 'Data Analyst with no experience', 'Data analyst with no degree', 'Data analyst salary', 'Data analyst salary with no experience', 'Data analyst salary 2020', 'Data analyst salary in 2020', 'Data analyst Salary with no degree', 'Salary for Data Analyst', 'Salary for Data Analyst in 2020', 'Data Analyst Salary America', 'Data Analyst Salary USA', 'Data Analyst salary in usa']",UC7cs8q-gJRlGwj4A8OmCmXg,224
N8f7NtDpbxA,Working With a Recruiter to Land Your First Job as a Data Analyst | LinkedIn Recruiters,2020-02-14T18:03:34Z,15258,650,39,"['Data Analyst', 'How to become a data analyst', 'Data Analyst Jobs', 'Data Analyst Job', 'Working with a Recruiter', 'Working with a LinkedIn Recruiter', 'Using Recruiter to get Job', 'How to work with a recruiter', 'Data Analyst Recruiter', 'Data Analyst Skills', 'Linkedin Recruiter']",UC7cs8q-gJRlGwj4A8OmCmXg,360
wcKzdRVsMOw,Switching Careers to Become a Data Analyst | How I Made the Switch,2020-02-11T15:03:18Z,51041,1829,252,"['Data Analyst', 'How to become a data analyst', 'Data Analyst job', 'Data Analyst Career', 'Data Analytics', 'Data Analyst with no experience', 'Switching Careers to Become a Data Analyst', 'Becoming a Data Analyst with No Experience', 'How I became a Data Analyst', 'Switch Careers to Data Analyst', 'Data Analyst from different Career', 'How to Become Data Analyst from Different Job', 'Entry Level Data Analyst', 'Junior Data Analyst Jobs', 'Career Change to Data Analyst']",UC7cs8q-gJRlGwj4A8OmCmXg,251
Ns-8Jsa3mEM,Data Analyst Resume | Complete Guide To Creating A Data Analyst Resume | Tips + Templates + Examples,2020-02-06T16:00:52Z,127394,3615,104,"['Data Analyst', 'How to become a data analyst', 'Data Analyst job', 'Data Analyst Career', 'Data Analytics', 'Data Analyst with no experience', 'Data analyst with no degree', 'Data Analyst Resume', 'Complete guide to Creating a Data Analyst Resume', 'Data Analyst Resume Tips', 'Data Analyst Resume Templates', 'Data Analyst Resume Examples', 'Data Analyst Resume Guide', 'Creating a Resume', 'Resume for Data Analyst', 'Resume for Data Analysts', 'Resume to become Data Analyst', 'Resume for Data Analytics', 'Resume']",UC7cs8q-gJRlGwj4A8OmCmXg,678
4rfr6A3lO-Y,Data Analyst Resume | Reviewing My Resume! | Fortune 500 Data Analyst,2020-01-30T14:07:55Z,83546,1792,63,"['Data Analyst', 'How to become a data analyst', 'Data Analyst job', 'Data Analyst Career', 'Data Analytics', 'Data Analyst with no experience', 'Data analyst with no degree', 'Data Analyst Resume', 'My Data Analyst Resume', 'Fortune 500 Data Analyst Resume', 'Resume', 'Business Analyst Resume', 'Data Science Resume', 'Data Analyst for Beginners', 'Data Analyst for Beginners Resume']",UC7cs8q-gJRlGwj4A8OmCmXg,453
OTq2NRy_AGs,Working at a Big Company Vs Small Company | Told by a Fortune 500 Data Analyst,2020-01-25T16:38:39Z,16119,433,23,"['Data Analyst', 'How to become a Data Analyst', 'Big vs Small', 'Large vs small', 'Big vs small company', 'Working at a big company vs small company', 'Working at a big company', 'Working at a small company', 'Data Science', 'Data Scientist', 'business analyst', 'Big company salary', 'Small company salary', 'Corporate at big company', 'Corporate at small company', 'coworkers at small company', 'coworkers at big company']",UC7cs8q-gJRlGwj4A8OmCmXg,350
ya28cb3zFGE,Data Analyst Salary | 100k with No Experience,2020-01-23T03:16:09Z,66495,2249,218,"['Data Analyst Salary', 'Data analyst with no experience', 'how to become a data analyst', 'Data analyst', 'Data Analyst fortune 500', 'Data Analyst how to', 'Data analyst beginner', 'Data Analyst Salary | 100k with No Experience', '100k with no experience', 'data science', 'data scientist', 'business analyst', 'Data analyst salary with no experience', 'data analyst salary with no degree']",UC7cs8q-gJRlGwj4A8OmCmXg,303
Hsi2BG0SOiQ,Truth About Big Companies | Told by a Fortune 500 Data Analyst,2020-01-21T03:52:15Z,9925,361,20,"['Working at a big company', 'Big company data analyst', 'Data analyst', 'Data analyst at big company', 'Become a data analyst', 'Data analyst with no experience', 'how to learn to become a data analyst']",UC7cs8q-gJRlGwj4A8OmCmXg,345
6lQzbk6_OTw,Top 3 Data Analyst Skills in 2020,2020-01-17T14:31:39Z,31648,1493,141,"['Top skills for data analyst', 'Top 3 skills for Data Analyst', 'How to become a data analyst', 'Data analyst', 'Data Analyst Skills', 'Top Data Analyst Skills', 'Data Analyst Skills for beginner', 'Skills to become data analyst']",UC7cs8q-gJRlGwj4A8OmCmXg,160
